Timestamp (ms),Humidity (%),Temperature (°F),Temperature (°C)
0,65.28,60.03,15.57
2000,71.87,62.29,16.83
4000,58.21,67.77,19.87
6000,61.09,61.45,16.36
8000,57.45,59.65,15.36
10000,65.51,62.56,16.98
12000,68.88,59.5,15.28
14000,73.6,65.28,18.49
16000,70.39,62.44,16.91
18000,71.04,61.57,16.43
20000,73.76,60.3,15.72
22000,64.25,60.8,16.0
24000,59.36,66.38,19.1
26000,58.1,64.09,17.83
28000,73.36,59.43,15.24
30000,60.28,59.72,15.4
32000,58.25,61.95,16.64
34000,71.64,65.3,18.5
36000,66.03,62.02,16.68
38000,60.03,63.39,17.44
40000,66.96,61.43,16.35
42000,65.39,66.33,19.07
44000,66.31,61.77,16.54
46000,65.43,66.6,19.22
48000,62.15,62.8,17.11
50000,60.43,59.95,15.53
52000,64.73,62.96,17.2
54000,56.21,66.97,19.43
56000,62.58,63.79,17.66
58000,63.51,60.33,15.74
60000,74.88,61.9,16.61
62000,71.37,59.14,15.08
64000,72.03,64.15,17.86
66000,58.61,60.93,16.07
68000,69.14,67.12,19.51
70000,57.45,62.65,17.03
72000,67.81,67.69,19.83
74000,67.96,67.03,19.46
76000,73.74,67.01,19.45
78000,58.74,61.0,16.11
80000,63.32,62.31,16.84
82000,61.73,59.61,15.34
84000,55.77,61.88,16.6
86000,71.94,65.14,18.41
88000,67.62,62.33,16.85
90000,66.89,64.62,18.12
92000,65.24,67.41,19.67
94000,58.13,61.02,16.12
96000,57.53,66.56,19.2
98000,66.1,60.03,15.57
100000,72.48,64.74,18.19
102000,57.06,65.93,18.85
104000,55.66,59.04,15.02
106000,66.15,59.36,15.2
108000,57.91,64.42,18.01
110000,66.46,60.3,15.72
112000,60.76,59.23,15.13
114000,63.32,64.15,17.86
116000,72.95,67.42,19.68
118000,67.74,62.76,17.09
120000,74.74,60.19,15.66
122000,67.05,61.47,16.37
124000,59.29,60.03,15.57
126000,63.54,62.11,16.73
128000,74.86,66.27,19.04
130000,65.03,66.02,18.9
132000,73.87,59.92,15.51
134000,56.02,65.46,18.59
136000,60.21,65.77,18.76
138000,63.36,62.19,16.77
140000,58.24,64.74,18.19
142000,74.88,65.19,18.44
144000,71.65,66.49,19.16
146000,56.31,67.6,19.78
148000,63.69,59.54,15.3
150000,65.56,60.39,15.77
152000,69.68,63.72,17.62
154000,69.19,66.15,18.97
156000,67.24,59.43,15.24
158000,61.83,60.87,16.04
160000,56.61,66.96,19.42
162000,58.3,62.71,17.06
164000,63.86,66.04,18.91
166000,65.88,59.85,15.47
168000,61.99,67.19,19.55
170000,60.87,64.15,17.86
172000,57.76,60.13,15.63
174000,73.7,59.67,15.37
176000,74.46,60.48,15.82
178000,56.4,63.75,17.64
180000,62.18,63.32,17.4
182000,67.27,67.24,19.58
184000,62.6,66.16,18.98
186000,67.23,63.66,17.59
188000,64.84,67.96,19.98
190000,62.6,67.41,19.67
192000,74.35,67.26,19.59
194000,74.06,62.17,16.76
196000,71.63,67.62,19.79
198000,73.84,65.7,18.72
200000,58.62,61.92,16.62
202000,71.56,59.29,15.16
204000,66.77,59.02,15.01
206000,62.11,67.93,19.96
208000,66.43,64.04,17.8
210000,60.15,59.09,15.05
212000,69.2,63.82,17.68
214000,65.74,62.29,16.83
216000,68.75,65.35,18.53
218000,72.79,63.63,17.57
220000,57.32,64.35,17.97
222000,57.97,66.51,19.17
224000,69.44,67.14,19.52
226000,59.95,60.58,15.88
228000,60.35,64.04,17.8
230000,62.41,62.91,17.17
232000,60.31,63.63,17.57
234000,55.93,67.14,19.52
236000,60.03,67.01,19.45
238000,57.55,65.03,18.35
240000,57.31,67.86,19.92
242000,59.11,65.62,18.68
244000,73.76,61.23,16.24
246000,61.44,65.26,18.48
248000,69.56,66.4,19.11
250000,69.37,61.77,16.54
252000,67.23,65.55,18.64
254000,72.37,63.32,17.4
256000,60.39,62.49,16.94
258000,66.1,64.76,18.2
260000,64.69,63.34,17.41
262000,62.74,62.6,17.0
264000,65.18,64.17,17.87
266000,57.35,59.94,15.52
268000,71.97,60.94,16.08
270000,62.26,63.05,17.25
272000,56.01,66.45,19.14
274000,61.7,67.1,19.5
276000,71.81,63.37,17.43
278000,67.49,60.6,15.89
280000,58.25,67.44,19.69
282000,67.58,66.15,18.97
284000,68.38,60.53,15.85
286000,73.04,59.25,15.14
288000,62.97,67.37,19.65
290000,61.75,62.06,16.7
292000,67.23,65.59,18.66
294000,57.08,62.29,16.83
296000,68.29,62.89,17.16
298000,70.32,66.13,18.96
300000,57.2,59.16,15.09
302000,71.36,61.39,16.33
304000,70.98,59.05,15.03
306000,57.85,65.28,18.49
308000,64.52,62.22,16.79
310000,66.8,66.99,19.44
312000,63.79,66.81,19.34
314000,67.17,67.59,19.77
316000,57.93,65.55,18.64
318000,68.68,63.75,17.64
320000,74.52,64.72,18.18
322000,58.94,65.68,18.71
324000,69.75,60.31,15.73
326000,63.45,64.6,18.11
328000,55.59,66.29,19.05
330000,65.02,66.58,19.21
332000,65.63,64.96,18.31
334000,67.23,60.46,15.81
336000,64.37,67.68,19.82
338000,56.85,59.47,15.26
340000,69.35,61.3,16.28
342000,61.15,66.27,19.04
344000,73.71,61.32,16.29
346000,59.43,63.46,17.48
348000,66.44,61.14,16.19
350000,67.22,66.88,19.38
352000,70.77,63.82,17.68
354000,69.61,67.32,19.62
356000,65.03,62.85,17.14
358000,55.45,61.5,16.39
360000,64.81,61.95,16.64
362000,70.55,62.76,17.09
364000,71.96,65.39,18.55
366000,67.01,67.84,19.91
368000,66.76,62.65,17.03
370000,62.47,61.84,16.58
372000,68.48,62.26,16.81
374000,64.39,66.97,19.43
376000,58.73,63.25,17.36
378000,64.24,66.7,19.28
380000,55.49,67.98,19.99
382000,62.52,63.25,17.36
384000,58.07,62.83,17.13
386000,55.5,60.46,15.81
388000,60.5,60.78,15.99
390000,67.85,61.14,16.19
392000,73.41,63.54,17.52
394000,73.5,66.9,19.39
396000,55.03,59.29,15.16
398000,68.26,66.45,19.14
400000,57.51,65.48,18.6
402000,63.74,64.72,18.18
404000,62.85,59.13,15.07
406000,58.58,63.86,17.7
408000,69.17,66.51,19.17
410000,62.19,63.14,17.3
412000,60.93,64.24,17.91
414000,69.8,60.85,16.03
416000,57.98,61.25,16.25
418000,70.74,65.46,18.59
420000,66.21,66.36,19.09
422000,61.27,64.27,17.93
424000,65.29,60.21,15.67
426000,68.24,64.06,17.81
428000,74.19,62.6,17.0
430000,63.63,59.63,15.35
432000,69.99,67.01,19.45
434000,63.68,60.35,15.75
436000,58.89,64.56,18.09
438000,67.71,65.55,18.64
440000,58.06,61.07,16.15
442000,55.03,63.39,17.44
444000,68.37,67.48,19.71
446000,70.58,61.3,16.28
448000,59.3,62.11,16.73
450000,70.11,60.91,16.06
452000,65.42,66.36,19.09
454000,68.27,67.37,19.65
456000,73.02,64.8,18.22
458000,55.15,63.25,17.36
460000,57.7,65.14,18.41
462000,57.08,59.97,15.54
464000,55.48,63.43,17.46
466000,62.41,64.06,17.81
468000,57.63,65.01,18.34
470000,64.46,64.38,17.99
472000,60.69,62.58,16.99
474000,61.25,66.78,19.32
476000,63.07,65.91,18.84
478000,58.63,64.13,17.85
480000,55.52,66.22,19.01
482000,55.07,63.59,17.55
484000,66.3,67.03,19.46
486000,57.68,60.3,15.72
488000,58.56,66.13,18.96
490000,58.7,66.36,19.09
492000,72.33,62.83,17.13
494000,70.98,64.54,18.08
496000,66.97,62.64,17.02
498000,58.94,66.47,19.15
500000,63.9,61.0,16.11
502000,73.29,66.61,19.23
504000,62.42,59.68,15.38
506000,68.41,67.66,19.81
508000,72.36,63.73,17.63
510000,69.93,63.97,17.76
512000,65.87,65.14,18.41
514000,72.37,65.28,18.49
516000,69.33,63.97,17.76
518000,74.76,63.14,17.3
520000,70.66,60.96,16.09
522000,74.83,61.38,16.32
524000,69.5,64.85,18.25
526000,60.87,60.1,15.61
528000,69.09,59.41,15.23
530000,64.74,63.16,17.31
532000,62.45,65.95,18.86
534000,58.19,61.7,16.5
536000,66.56,59.43,15.24
538000,62.9,64.31,17.95
540000,73.05,66.34,19.08
542000,60.19,59.23,15.13
544000,57.62,64.67,18.15
546000,58.16,60.26,15.7
548000,69.98,60.28,15.71
550000,55.5,61.41,16.34
552000,68.33,59.54,15.3
554000,71.8,65.8,18.78
556000,67.34,65.43,18.57
558000,63.41,61.11,16.17
560000,63.61,67.78,19.88
562000,73.85,63.72,17.62
564000,68.26,59.9,15.5
566000,71.32,67.06,19.48
568000,67.95,64.81,18.23
570000,58.37,61.52,16.4
572000,68.27,60.53,15.85
574000,59.01,65.53,18.63
576000,56.74,62.11,16.73
578000,65.83,60.04,15.58
580000,65.53,61.41,16.34
582000,65.16,60.22,15.68
584000,55.23,66.87,19.37
586000,71.22,63.27,17.37
588000,60.77,61.03,16.13
590000,69.91,64.31,17.95
592000,67.68,61.25,16.25
594000,56.69,59.23,15.13
596000,55.5,62.67,17.04
598000,70.03,63.09,17.27
600000,66.11,61.59,16.44
602000,56.1,65.7,18.72
604000,63.28,64.85,18.25
606000,68.29,62.94,17.19
608000,68.37,61.66,16.48
610000,69.5,61.9,16.61
612000,72.8,65.77,18.76
614000,63.81,61.43,16.35
616000,69.38,64.74,18.19
618000,66.61,66.92,19.4
620000,58.47,62.28,16.82
622000,69.18,61.63,16.46
624000,62.47,64.11,17.84
626000,67.56,67.89,19.94
628000,73.89,61.05,16.14
630000,68.71,59.13,15.07
632000,68.99,60.13,15.63
634000,57.48,63.1,17.28
636000,67.64,66.9,19.39
638000,67.35,66.87,19.37
640000,62.1,66.11,18.95
642000,55.88,61.29,16.27
644000,65.34,59.65,15.36
646000,72.57,65.97,18.87
648000,66.62,65.05,18.36
650000,68.33,63.18,17.32
652000,69.38,67.3,19.61
654000,55.13,67.93,19.96
656000,74.92,67.19,19.55
658000,71.56,59.45,15.25
660000,72.37,66.65,19.25
662000,60.04,67.01,19.45
664000,65.06,64.65,18.14
666000,68.88,65.3,18.5
668000,62.98,66.36,19.09
670000,69.84,67.6,19.78
672000,72.17,63.25,17.36
674000,61.85,59.18,15.1
676000,69.01,65.68,18.71
678000,62.07,63.81,17.67
680000,62.79,65.32,18.51
682000,58.12,60.66,15.92
684000,61.55,67.44,19.69
686000,62.3,62.04,16.69
688000,68.22,67.57,19.76
690000,72.76,60.87,16.04
692000,59.18,64.38,17.99
694000,63.05,65.12,18.4
696000,65.53,59.92,15.51
698000,59.73,66.51,19.17
700000,67.19,60.67,15.93
702000,63.79,67.24,19.58
704000,64.4,66.78,19.32
706000,57.47,66.11,18.95
708000,61.0,59.23,15.13
710000,74.52,62.62,17.01
712000,59.04,67.33,19.63
714000,72.12,63.16,17.31
716000,58.11,60.8,16.0
718000,55.29,60.84,16.02
720000,73.12,63.7,17.61
722000,68.42,59.4,15.22
724000,71.23,59.92,15.51
726000,58.84,66.31,19.06
728000,68.27,62.46,16.92
730000,66.97,66.7,19.28
732000,74.58,63.34,17.41
734000,55.05,66.2,19.0
736000,57.94,67.73,19.85
738000,56.94,65.62,18.68
740000,74.78,62.24,16.8
742000,72.14,59.2,15.11
744000,66.73,64.58,18.1
746000,74.04,64.9,18.28
748000,71.12,61.21,16.23
750000,72.41,67.3,19.61
752000,64.53,59.36,15.2
754000,74.87,65.7,18.72
756000,68.97,62.89,17.16
758000,61.24,66.42,19.12
760000,61.58,66.99,19.44
762000,69.94,60.87,16.04
764000,70.31,61.57,16.43
766000,66.01,67.51,19.73
768000,58.75,62.13,16.74
770000,61.69,65.43,18.57
772000,68.94,64.22,17.9
774000,65.57,65.84,18.8
776000,73.15,59.83,15.46
778000,55.06,65.3,18.5
780000,65.53,62.22,16.79
782000,55.4,62.15,16.75
784000,71.99,61.34,16.3
786000,62.92,61.65,16.47
788000,66.18,60.85,16.03
790000,67.88,66.99,19.44
792000,60.42,66.69,19.27
794000,58.07,63.0,17.22
796000,67.8,59.92,15.51
798000,69.51,63.28,17.38
800000,67.51,67.17,19.54
802000,64.35,66.92,19.4
804000,70.93,66.13,18.96
806000,57.63,65.82,18.79
808000,64.9,60.89,16.05
810000,59.99,60.3,15.72
812000,68.59,66.6,19.22
814000,59.5,64.04,17.8
816000,73.6,66.97,19.43
818000,67.96,60.57,15.87
820000,74.51,64.76,18.2
822000,70.32,63.0,17.22
824000,69.94,66.36,19.09
826000,72.47,65.89,18.83
828000,63.36,62.82,17.12
830000,73.98,61.05,16.14
832000,64.39,62.04,16.69
834000,59.65,62.22,16.79
836000,69.53,63.16,17.31
838000,63.34,67.73,19.85
840000,58.42,66.36,19.09
842000,65.25,63.07,17.26
844000,67.52,61.68,16.49
846000,70.62,65.61,18.67
848000,65.85,60.66,15.92
850000,73.12,61.63,16.46
852000,65.26,63.95,17.75
854000,62.35,64.35,17.97
856000,69.81,62.55,16.97
858000,63.57,64.33,17.96
860000,56.56,65.21,18.45
862000,71.72,59.5,15.28
864000,71.22,66.67,19.26
866000,63.28,61.84,16.58
868000,64.91,66.79,19.33
870000,62.11,63.45,17.47
872000,56.45,62.19,16.77
874000,73.2,64.08,17.82
876000,58.12,65.25,18.47
878000,66.74,63.99,17.77
880000,73.23,65.46,18.59
882000,70.46,67.64,19.8
884000,56.9,59.34,15.19
886000,60.46,64.31,17.95
888000,72.02,64.31,17.95
890000,67.98,66.56,19.2
892000,71.3,64.74,18.19
894000,57.23,62.11,16.73
896000,63.9,66.72,19.29
898000,74.57,61.45,16.36
900000,60.55,63.3,17.39
902000,66.44,60.82,16.01
904000,73.64,61.65,16.47
906000,56.88,60.6,15.89
908000,71.77,60.93,16.07
910000,60.33,67.64,19.8
912000,55.54,65.26,18.48
914000,61.96,60.93,16.07
916000,69.2,66.72,19.29
918000,55.45,59.38,15.21
920000,56.29,67.39,19.66
922000,72.29,59.9,15.5
924000,66.68,59.49,15.27
926000,59.58,65.68,18.71
928000,67.04,61.81,16.56
930000,71.73,66.92,19.4
932000,65.55,60.42,15.79
934000,58.48,64.29,17.94
936000,66.86,67.6,19.78
938000,62.3,67.78,19.88
940000,65.43,66.31,19.06
942000,72.72,59.79,15.44
944000,57.9,64.67,18.15
946000,66.71,60.89,16.05
948000,64.67,63.43,17.46
950000,71.71,65.1,18.39
952000,67.0,64.11,17.84
954000,57.86,67.12,19.51
956000,72.26,60.19,15.66
958000,63.76,63.54,17.52
960000,69.95,63.36,17.42
962000,64.71,60.3,15.72
964000,61.01,61.54,16.41
966000,71.15,67.35,19.64
968000,64.26,60.19,15.66
970000,66.98,60.57,15.87
972000,64.25,63.52,17.51
974000,73.41,60.71,15.95
976000,65.65,66.61,19.23
978000,64.81,61.14,16.19
980000,59.35,59.54,15.3
982000,67.88,62.94,17.19
984000,57.57,63.46,17.48
986000,59.34,61.75,16.53
988000,72.27,67.55,19.75
990000,70.04,61.72,16.51
992000,56.38,59.95,15.53
994000,72.26,65.16,18.42
996000,55.27,63.99,17.77
998000,58.6,60.22,15.68
1000000,66.9,66.92,19.4
1002000,68.9,65.19,18.44
1004000,55.99,60.06,15.59
1006000,68.6,66.94,19.41
1008000,70.24,61.36,16.31
1010000,66.95,63.93,17.74
1012000,59.08,61.66,16.48
1014000,74.14,67.6,19.78
1016000,73.91,66.81,19.34
1018000,63.11,59.02,15.01
1020000,73.95,65.68,18.71
1022000,61.16,64.11,17.84
1024000,72.58,64.83,18.24
1026000,60.56,63.91,17.73
1028000,68.23,59.02,15.01
1030000,60.66,60.37,15.76
1032000,58.53,65.17,18.43
1034000,73.74,65.5,18.61
1036000,65.76,62.2,16.78
1038000,71.54,59.25,15.14
1040000,57.77,65.05,18.36
1042000,56.92,63.77,17.65
1044000,73.76,67.08,19.49
1046000,57.67,59.29,15.16
1048000,69.98,59.34,15.19
1050000,66.68,60.4,15.78
1052000,56.93,65.73,18.74
1054000,64.67,65.16,18.42
1056000,57.62,66.42,19.12
1058000,68.78,60.67,15.93
1060000,67.48,59.74,15.41
1062000,71.79,62.47,16.93
1064000,56.28,65.25,18.47
1066000,69.72,63.28,17.38
1068000,58.35,67.08,19.49
1070000,60.57,59.94,15.52
1072000,74.23,66.63,19.24
1074000,59.57,65.39,18.55
1076000,68.73,67.77,19.87
1078000,55.15,65.46,18.59
1080000,62.11,63.68,17.6
1082000,57.79,67.35,19.64
1084000,65.65,67.41,19.67
1086000,72.84,63.63,17.57
1088000,74.31,65.86,18.81
1090000,60.53,59.0,15.0
1092000,65.43,65.82,18.79
1094000,68.24,59.81,15.45
1096000,65.2,60.57,15.87
1098000,70.62,59.86,15.48
1100000,71.95,61.5,16.39
1102000,58.43,63.91,17.73
1104000,58.55,63.7,17.61
1106000,68.95,60.58,15.88
1108000,67.08,60.33,15.74
1110000,56.88,62.69,17.05
1112000,56.59,61.68,16.49
1114000,62.33,62.71,17.06
1116000,71.0,66.07,18.93
1118000,68.46,63.09,17.27
1120000,67.7,67.12,19.51
1122000,62.4,63.93,17.74
1124000,71.78,61.2,16.22
1126000,71.6,62.49,16.94
1128000,59.76,63.01,17.23
1130000,62.39,64.69,18.16
1132000,74.3,63.59,17.55
1134000,55.22,67.24,19.58
1136000,70.34,61.92,16.62
1138000,56.76,61.23,16.24
1140000,63.71,59.7,15.39
1142000,59.9,65.39,18.55
1144000,66.53,67.69,19.83
1146000,66.45,60.13,15.63
1148000,70.09,64.9,18.28
1150000,64.19,65.97,18.87
1152000,62.96,64.54,18.08
1154000,58.72,64.53,18.07
1156000,63.95,64.24,17.91
1158000,70.54,60.73,15.96
1160000,61.83,60.13,15.63
1162000,58.4,60.3,15.72
1164000,71.39,61.47,16.37
1166000,65.36,65.48,18.6
1168000,73.11,64.11,17.84
1170000,63.1,61.2,16.22
1172000,64.07,59.05,15.03
1174000,72.26,62.37,16.87
1176000,69.2,61.47,16.37
1178000,57.11,62.11,16.73
1180000,60.43,67.6,19.78
1182000,58.44,59.88,15.49
1184000,65.85,65.32,18.51
1186000,62.76,66.87,19.37
1188000,72.39,63.93,17.74
1190000,58.0,59.94,15.52
1192000,68.88,60.4,15.78
1194000,66.05,60.26,15.7
1196000,55.1,60.22,15.68
1198000,60.39,63.91,17.73
1200000,70.42,62.98,17.21
1202000,64.58,64.98,18.32
1204000,68.88,61.88,16.6
1206000,59.71,66.18,18.99
1208000,57.2,63.01,17.23
1210000,60.82,63.84,17.69
1212000,66.28,64.81,18.23
1214000,63.11,59.07,15.04
1216000,56.44,64.72,18.18
1218000,64.69,63.54,17.52
1220000,56.03,59.5,15.28
1222000,70.8,64.29,17.94
1224000,62.42,61.43,16.35
1226000,74.47,66.47,19.15
1228000,74.45,62.92,17.18
1230000,73.01,61.21,16.23
1232000,66.69,67.06,19.48
1234000,56.81,60.98,16.1
1236000,56.14,61.0,16.11
1238000,63.49,67.41,19.67
1240000,58.51,65.16,18.42
1242000,73.84,63.27,17.37
1244000,71.88,61.52,16.4
1246000,69.73,61.36,16.31
1248000,56.71,64.56,18.09
1250000,69.04,65.57,18.65
1252000,55.52,66.6,19.22
1254000,57.61,62.89,17.16
1256000,74.57,66.83,19.35
1258000,70.68,62.13,16.74
1260000,65.31,65.84,18.8
1262000,62.33,62.08,16.71
1264000,64.12,63.64,17.58
1266000,73.24,67.89,19.94
1268000,74.51,67.03,19.46
1270000,63.59,62.24,16.8
1272000,57.09,67.87,19.93
1274000,69.44,64.26,17.92
1276000,61.91,64.94,18.3
1278000,60.06,60.67,15.93
1280000,59.68,66.38,19.1
1282000,58.19,66.29,19.05
1284000,72.94,66.11,18.95
1286000,63.36,61.86,16.59
1288000,72.18,61.32,16.29
1290000,65.73,59.54,15.3
1292000,55.57,63.12,17.29
1294000,59.32,66.45,19.14
1296000,73.34,63.25,17.36
1298000,65.86,65.8,18.78
1300000,67.01,65.75,18.75
1302000,67.02,66.34,19.08
1304000,74.28,66.25,19.03
1306000,58.55,64.45,18.03
1308000,68.21,60.06,15.59
1310000,64.5,64.94,18.3
1312000,60.08,64.44,18.02
1314000,66.71,62.2,16.78
1316000,62.64,64.96,18.31
1318000,71.74,59.38,15.21
1320000,64.87,60.51,15.84
1322000,58.71,64.24,17.91
1324000,70.04,61.48,16.38
1326000,57.06,61.05,16.14
1328000,63.26,64.99,18.33
1330000,58.44,63.19,17.33
1332000,66.77,59.94,15.52
1334000,60.52,65.52,18.62
1336000,61.73,61.57,16.43
1338000,62.33,64.65,18.14
1340000,61.81,67.28,19.6
1342000,70.75,60.64,15.91
1344000,58.73,63.39,17.44
1346000,67.04,61.11,16.17
1348000,74.24,64.4,18.0
1350000,73.3,62.65,17.03
1352000,57.62,61.45,16.36
1354000,57.15,67.57,19.76
1356000,72.75,62.31,16.84
1358000,73.72,63.41,17.45
1360000,55.35,62.11,16.73
1362000,56.38,59.5,15.28
1364000,59.32,65.19,18.44
1366000,56.69,64.96,18.31
1368000,55.89,59.11,15.06
1370000,69.53,66.69,19.27
1372000,69.08,59.43,15.24
1374000,67.93,66.76,19.31
1376000,61.04,61.0,16.11
1378000,73.34,65.57,18.65
1380000,69.69,60.98,16.1
1382000,72.42,61.32,16.29
1384000,57.36,60.64,15.91
1386000,72.7,67.35,19.64
1388000,57.65,66.72,19.29
1390000,64.13,65.5,18.61
1392000,70.61,61.93,16.63
1394000,70.7,66.74,19.3
1396000,63.1,64.54,18.08
1398000,56.65,64.22,17.9
1400000,63.44,59.41,15.23
1402000,74.67,60.93,16.07
1404000,70.51,64.4,18.0
1406000,59.45,67.21,19.56
1408000,65.24,67.21,19.56
1410000,63.71,65.3,18.5
1412000,74.02,60.26,15.7
1414000,58.42,59.2,15.11
1416000,72.98,60.85,16.03
1418000,62.98,60.55,15.86
1420000,71.81,67.35,19.64
1422000,61.89,67.14,19.52
1424000,66.03,60.06,15.59
1426000,55.93,62.01,16.67
1428000,56.22,64.38,17.99
1430000,70.39,62.58,16.99
1432000,61.83,59.79,15.44
1434000,69.91,64.85,18.25
1436000,74.02,61.27,16.26
1438000,55.04,64.54,18.08
1440000,70.88,66.69,19.27
1442000,67.04,62.85,17.14
1444000,63.18,63.14,17.3
1446000,72.38,62.24,16.8
1448000,60.46,63.14,17.3
1450000,68.14,64.54,18.08
1452000,55.93,63.81,17.67
1454000,68.76,66.65,19.25
1456000,65.66,61.81,16.56
1458000,61.86,63.14,17.3
1460000,61.04,66.83,19.35
1462000,70.86,60.22,15.68
1464000,61.66,61.0,16.11
1466000,61.77,60.57,15.87
1468000,61.5,66.2,19.0
1470000,62.05,60.06,15.59
1472000,56.21,66.58,19.21
1474000,56.03,62.62,17.01
1476000,62.66,59.02,15.01
1478000,58.81,61.59,16.44
1480000,72.77,64.83,18.24
1482000,68.74,63.88,17.71
1484000,69.75,67.55,19.75
1486000,59.1,60.03,15.57
1488000,55.12,64.51,18.06
1490000,62.6,62.92,17.18
1492000,56.03,61.41,16.34
1494000,69.49,67.08,19.49
1496000,68.14,61.57,16.43
1498000,72.85,63.68,17.6
1500000,64.07,59.07,15.04
1502000,66.52,62.47,16.93
1504000,58.29,62.56,16.98
1506000,71.89,67.12,19.51
1508000,57.04,59.83,15.46
1510000,69.61,67.75,19.86
1512000,72.08,59.41,15.23
1514000,64.38,66.78,19.32
1516000,72.97,60.19,15.66
1518000,69.6,59.52,15.29
1520000,71.66,63.63,17.57
1522000,73.74,61.79,16.55
1524000,71.44,67.32,19.62
1526000,69.42,63.72,17.62
1528000,60.23,64.87,18.26
1530000,65.52,61.25,16.25
1532000,56.86,61.09,16.16
1534000,60.51,59.4,15.22
1536000,73.06,66.09,18.94
1538000,64.87,60.03,15.57
1540000,55.72,61.09,16.16
1542000,61.7,64.81,18.23
1544000,60.55,65.64,18.69
1546000,65.96,66.85,19.36
1548000,67.71,67.86,19.92
1550000,56.86,65.75,18.75
1552000,57.43,63.39,17.44
1554000,65.72,62.51,16.95
1556000,71.81,63.57,17.54
1558000,61.54,65.21,18.45
1560000,65.35,59.9,15.5
1562000,57.16,63.23,17.35
1564000,72.18,65.32,18.51
1566000,63.83,60.08,15.6
1568000,72.38,62.06,16.7
1570000,68.42,67.84,19.91
1572000,65.91,64.02,17.79
1574000,60.14,61.12,16.18
1576000,56.28,63.5,17.5
1578000,74.26,63.61,17.56
1580000,72.3,64.15,17.86
1582000,55.94,59.23,15.13
1584000,57.27,62.71,17.06
1586000,59.1,65.73,18.74
1588000,55.25,63.81,17.67
1590000,70.76,63.77,17.65
1592000,60.84,63.61,17.56
1594000,64.73,59.09,15.05
1596000,65.48,60.01,15.56
1598000,70.24,62.02,16.68
1600000,63.45,60.64,15.91
1602000,65.8,65.62,18.68
1604000,57.74,67.39,19.66
1606000,67.38,59.81,15.45
1608000,71.44,64.8,18.22
1610000,59.71,67.68,19.82
1612000,72.56,61.65,16.47
1614000,74.52,62.22,16.79
1616000,63.98,66.36,19.09
1618000,74.49,66.43,19.13
1620000,63.36,65.17,18.43
1622000,67.3,67.17,19.54
1624000,73.84,63.19,17.33
1626000,60.4,62.37,16.87
1628000,61.49,64.78,18.21
1630000,55.61,65.08,18.38
1632000,57.78,59.77,15.43
1634000,68.7,66.0,18.89
1636000,64.94,65.41,18.56
1638000,56.11,61.32,16.29
1640000,58.93,59.32,15.18
1642000,61.85,66.27,19.04
1644000,70.43,59.86,15.48
1646000,72.16,60.1,15.61
1648000,74.51,65.82,18.79
1650000,59.35,64.58,18.1
1652000,60.94,62.64,17.02
1654000,69.86,67.98,19.99
1656000,74.94,62.1,16.72
1658000,60.9,67.68,19.82
1660000,72.25,59.23,15.13
1662000,59.97,66.51,19.17
1664000,56.72,64.54,18.08
1666000,60.3,64.62,18.12
1668000,72.68,63.39,17.44
1670000,63.3,65.21,18.45
1672000,62.74,64.4,18.0
1674000,71.12,64.22,17.9
1676000,70.77,67.41,19.67
1678000,64.09,63.95,17.75
1680000,73.21,61.48,16.38
1682000,57.18,64.2,17.89
1684000,64.72,63.79,17.66
1686000,61.28,66.87,19.37
1688000,59.9,65.97,18.87
1690000,72.49,62.55,16.97
1692000,55.83,59.61,15.34
1694000,60.24,65.71,18.73
1696000,70.93,67.44,19.69
1698000,63.3,61.95,16.64
1700000,74.54,67.06,19.48
1702000,73.56,67.96,19.98
1704000,68.19,61.63,16.46
1706000,60.52,59.16,15.09
1708000,62.48,60.66,15.92
1710000,60.84,65.93,18.85
1712000,69.56,64.56,18.09
1714000,71.13,62.29,16.83
1716000,59.78,62.64,17.02
1718000,60.93,61.07,16.15
1720000,68.42,63.14,17.3
1722000,67.93,62.76,17.09
1724000,72.39,67.59,19.77
1726000,70.57,63.14,17.3
1728000,59.25,61.92,16.62
1730000,56.26,64.98,18.32
1732000,59.53,64.13,17.85
1734000,69.43,67.35,19.64
1736000,68.44,66.33,19.07
1738000,67.33,62.29,16.83
1740000,57.25,61.36,16.31
1742000,64.7,64.69,18.16
1744000,73.73,60.44,15.8
1746000,55.85,67.44,19.69
1748000,61.24,64.78,18.21
1750000,63.83,64.92,18.29
1752000,55.61,65.17,18.43
1754000,74.66,66.87,19.37
1756000,72.08,64.89,18.27
1758000,63.55,59.09,15.05
1760000,67.31,62.02,16.68
1762000,69.47,67.84,19.91
1764000,63.84,62.67,17.04
1766000,59.87,64.54,18.08
1768000,67.62,61.41,16.34
1770000,73.77,61.23,16.24
1772000,70.15,59.43,15.24
1774000,67.04,63.72,17.62
1776000,62.79,61.21,16.23
1778000,70.83,66.67,19.26
1780000,58.09,63.0,17.22
1782000,74.54,62.01,16.67
1784000,64.44,59.16,15.09
1786000,67.08,60.37,15.76
1788000,62.9,66.18,18.99
1790000,73.78,64.9,18.28
1792000,55.26,67.82,19.9
1794000,73.79,60.3,15.72
1796000,55.14,60.71,15.95
1798000,60.84,64.85,18.25
1800000,68.3,63.61,17.56
1802000,59.51,64.76,18.2
1804000,68.43,62.98,17.21
1806000,68.2,62.67,17.04
1808000,65.48,65.41,18.56
1810000,58.74,59.11,15.06
1812000,57.11,67.78,19.88
1814000,60.35,65.28,18.49
1816000,58.73,65.59,18.66
1818000,56.54,61.18,16.21
1820000,61.03,60.96,16.09
1822000,72.7,62.56,16.98
1824000,73.01,66.99,19.44
1826000,65.78,63.43,17.46
1828000,73.54,66.99,19.44
1830000,58.81,67.82,19.9
1832000,59.9,66.47,19.15
1834000,68.15,60.85,16.03
1836000,62.62,64.29,17.94
1838000,62.78,62.53,16.96
1840000,65.38,67.71,19.84
1842000,72.63,61.34,16.3
1844000,56.9,65.55,18.64
1846000,65.06,63.28,17.38
1848000,55.82,63.55,17.53
1850000,64.02,63.12,17.29
1852000,72.74,65.53,18.63
1854000,64.79,67.6,19.78
1856000,64.88,61.66,16.48
1858000,71.03,66.07,18.93
1860000,69.64,59.31,15.17
1862000,64.27,66.76,19.31
1864000,74.43,65.34,18.52
1866000,64.2,67.5,19.72
1868000,74.65,59.32,15.18
1870000,64.93,62.74,17.08
1872000,71.69,67.68,19.82
1874000,56.98,64.35,17.97
1876000,66.54,66.09,18.94
1878000,60.87,61.75,16.53
1880000,61.88,65.93,18.85
1882000,74.04,59.09,15.05
1884000,55.5,62.31,16.84
1886000,63.94,63.91,17.73
1888000,72.72,61.41,16.34
1890000,65.47,64.76,18.2
1892000,60.43,59.86,15.48
1894000,67.77,63.28,17.38
1896000,71.63,67.89,19.94
1898000,67.97,59.77,15.43
1900000,72.56,59.72,15.4
1902000,70.56,66.06,18.92
1904000,72.75,59.79,15.44
1906000,65.78,67.71,19.84
1908000,63.24,63.99,17.77
1910000,59.14,65.91,18.84
1912000,55.64,65.91,18.84
1914000,66.54,65.26,18.48
1916000,74.3,64.06,17.81
1918000,62.92,66.61,19.23
1920000,63.77,62.96,17.2
1922000,57.84,67.1,19.5
1924000,66.61,63.5,17.5
1926000,65.58,61.75,16.53
1928000,58.31,66.47,19.15
1930000,58.26,62.29,16.83
1932000,59.35,61.54,16.41
1934000,59.58,61.65,16.47
1936000,59.25,64.42,18.01
1938000,70.95,62.13,16.74
1940000,71.74,67.73,19.85
1942000,58.9,59.99,15.55
1944000,59.38,66.79,19.33
1946000,56.23,62.94,17.19
1948000,65.85,68.0,20.0
1950000,57.41,65.79,18.77
1952000,55.51,67.57,19.76
1954000,58.95,67.66,19.81
1956000,57.64,60.94,16.08
1958000,56.04,64.99,18.33
1960000,59.62,62.29,16.83
1962000,65.41,61.05,16.14
1964000,74.48,64.69,18.16
1966000,70.21,61.12,16.18
1968000,69.25,63.84,17.69
1970000,67.1,61.12,16.18
1972000,57.72,63.37,17.43
1974000,72.39,67.23,19.57
1976000,62.37,67.59,19.77
1978000,72.48,64.09,17.83
1980000,57.42,62.06,16.7
1982000,66.87,67.32,19.62
1984000,67.31,60.13,15.63
1986000,67.91,61.38,16.32
1988000,67.54,61.09,16.16
1990000,67.34,60.89,16.05
1992000,71.12,61.27,16.26
1994000,57.42,64.49,18.05
1996000,69.39,64.27,17.93
1998000,70.91,65.46,18.59
2000000,58.95,66.96,19.42
2002000,66.97,64.08,17.82
2004000,59.73,62.6,17.0
2006000,70.41,59.23,15.13
2008000,58.84,60.26,15.7
2010000,56.31,62.4,16.89
2012000,57.46,61.29,16.27
2014000,68.78,63.34,17.41
2016000,63.28,59.14,15.08
2018000,62.2,66.31,19.06
2020000,64.94,64.99,18.33
2022000,56.9,62.49,16.94
2024000,73.36,62.15,16.75
2026000,70.42,61.68,16.49
2028000,63.09,60.62,15.9
2030000,63.19,61.05,16.14
2032000,61.5,61.81,16.56
2034000,65.85,66.54,19.19
2036000,71.38,62.1,16.72
2038000,56.64,60.17,15.65
2040000,57.92,64.78,18.21
2042000,58.71,67.17,19.54
2044000,55.87,61.36,16.31
2046000,57.27,63.27,17.37
2048000,65.57,65.91,18.84
2050000,59.24,63.73,17.63
2052000,71.25,66.4,19.11
2054000,60.68,63.55,17.53
2056000,59.7,65.98,18.88
2058000,63.23,63.23,17.35
2060000,69.84,62.4,16.89
2062000,63.07,63.9,17.72
2064000,71.46,61.16,16.2
2066000,55.01,60.75,15.97
2068000,63.28,59.67,15.37
2070000,60.97,62.6,17.0
2072000,57.88,59.32,15.18
2074000,62.33,65.91,18.84
2076000,55.39,66.83,19.35
2078000,73.23,65.48,18.6
2080000,62.26,66.06,18.92
2082000,71.65,60.19,15.66
2084000,69.69,66.11,18.95
2086000,69.12,67.71,19.84
2088000,68.53,61.38,16.32
2090000,69.42,67.66,19.81
2092000,66.38,62.1,16.72
2094000,55.32,61.83,16.57
2096000,70.76,67.96,19.98
2098000,61.64,65.97,18.87
2100000,73.7,62.89,17.16
2102000,66.75,63.39,17.44
2104000,71.93,60.37,15.76
2106000,67.78,63.91,17.73
2108000,58.79,68.0,20.0
2110000,74.97,65.68,18.71
2112000,64.91,60.57,15.87
2114000,72.48,65.98,18.88
2116000,62.76,64.44,18.02
2118000,71.92,65.12,18.4
2120000,72.09,67.05,19.47
2122000,70.69,67.46,19.7
2124000,67.09,60.58,15.88
2126000,57.68,60.08,15.6
2128000,65.35,59.61,15.34
2130000,68.41,59.29,15.16
2132000,72.43,65.5,18.61
2134000,70.82,59.74,15.41
2136000,59.74,65.52,18.62
2138000,57.28,67.46,19.7
2140000,73.4,62.13,16.74
2142000,59.65,60.66,15.92
2144000,73.4,60.3,15.72
2146000,55.4,64.24,17.91
2148000,59.78,62.11,16.73
2150000,70.9,61.56,16.42
2152000,64.06,64.15,17.86
2154000,72.87,66.11,18.95
2156000,63.86,61.79,16.55
2158000,69.77,62.42,16.9
2160000,62.06,66.34,19.08
2162000,55.53,61.29,16.27
2164000,72.65,62.33,16.85
2166000,70.67,64.53,18.07
2168000,65.44,64.62,18.12
2170000,70.68,61.99,16.66
2172000,60.58,65.48,18.6
2174000,60.54,67.39,19.66
2176000,69.42,59.31,15.17
2178000,68.95,67.96,19.98
2180000,57.51,66.85,19.36
2182000,63.64,62.4,16.89
2184000,71.06,61.2,16.22
2186000,66.89,59.99,15.55
2188000,65.34,60.26,15.7
2190000,57.36,61.63,16.46
2192000,65.4,61.0,16.11
2194000,59.48,63.03,17.24
2196000,66.91,61.83,16.57
2198000,71.2,67.59,19.77
2200000,62.12,60.93,16.07
2202000,71.78,62.49,16.94
2204000,65.42,62.53,16.96
2206000,68.67,64.17,17.87
2208000,64.92,63.0,17.22
2210000,63.92,67.64,19.8
2212000,71.05,64.33,17.96
2214000,56.71,67.44,19.69
2216000,60.03,60.58,15.88
2218000,58.33,60.39,15.77
2220000,64.55,67.53,19.74
2222000,69.96,66.42,19.12
2224000,72.37,63.84,17.69
2226000,58.77,63.3,17.39
2228000,55.97,62.55,16.97
2230000,55.13,59.02,15.01
2232000,73.01,66.74,19.3
2234000,74.13,62.58,16.99
2236000,60.96,67.26,19.59
2238000,68.82,67.78,19.88
2240000,67.54,65.21,18.45
2242000,60.31,60.48,15.82
2244000,68.53,59.36,15.2
2246000,70.76,66.15,18.97
2248000,57.47,67.06,19.48
2250000,74.62,66.16,18.98
2252000,56.03,64.13,17.85
2254000,66.93,67.12,19.51
2256000,55.95,66.65,19.25
2258000,69.68,64.31,17.95
2260000,67.47,61.12,16.18
2262000,74.83,66.04,18.91
2264000,59.66,61.05,16.14
2266000,59.23,61.45,16.36
2268000,65.49,59.54,15.3
2270000,73.9,62.53,16.96
2272000,59.79,60.48,15.82
2274000,63.96,64.8,18.22
2276000,58.1,62.74,17.08
2278000,55.17,66.15,18.97
2280000,68.43,66.09,18.94
2282000,55.38,64.08,17.82
2284000,64.77,67.12,19.51
2286000,67.07,63.07,17.26
2288000,66.83,61.92,16.62
2290000,71.88,59.18,15.1
2292000,56.97,65.73,18.74
2294000,69.18,62.13,16.74
2296000,70.47,61.95,16.64
2298000,71.42,66.13,18.96
2300000,72.68,65.16,18.42
2302000,72.06,65.97,18.87
2304000,70.87,66.02,18.9
2306000,73.26,60.37,15.76
2308000,55.07,63.36,17.42
2310000,74.94,64.26,17.92
2312000,63.18,64.89,18.27
2314000,70.89,61.75,16.53
2316000,66.96,61.18,16.21
2318000,69.5,66.24,19.02
2320000,67.68,61.02,16.12
2322000,62.71,63.14,17.3
2324000,65.86,59.47,15.26
2326000,59.71,61.16,16.2
2328000,66.15,64.65,18.14
2330000,57.5,60.71,15.95
2332000,58.05,60.6,15.89
2334000,59.25,64.94,18.3
2336000,55.0,63.39,17.44
2338000,66.84,61.95,16.64
2340000,57.78,67.87,19.93
2342000,69.22,67.55,19.75
2344000,72.23,61.57,16.43
2346000,69.7,62.4,16.89
2348000,74.51,64.13,17.85
2350000,74.11,61.95,16.64
2352000,61.2,62.62,17.01
2354000,59.42,66.81,19.34
2356000,64.16,60.94,16.08
2358000,57.48,67.8,19.89
2360000,64.78,66.29,19.05
2362000,71.57,60.24,15.69
2364000,57.91,64.29,17.94
2366000,66.91,64.65,18.14
2368000,66.13,64.94,18.3
2370000,71.04,63.46,17.48
2372000,63.14,66.36,19.09
2374000,66.04,66.79,19.33
2376000,68.28,64.02,17.79
2378000,61.46,60.66,15.92
2380000,59.85,65.41,18.56
2382000,70.7,67.41,19.67
2384000,64.79,67.59,19.77
2386000,61.2,66.99,19.44
2388000,71.55,64.53,18.07
2390000,70.73,63.19,17.33
2392000,67.84,64.6,18.11
2394000,64.4,64.56,18.09
2396000,72.81,62.38,16.88
2398000,66.51,62.89,17.16
2400000,56.03,62.17,16.76
2402000,57.23,61.75,16.53
2404000,69.87,66.09,18.94
2406000,58.13,62.35,16.86
2408000,60.66,66.33,19.07
2410000,70.88,65.55,18.64
2412000,59.32,65.64,18.69
2414000,58.81,60.3,15.72
2416000,71.29,61.97,16.65
2418000,61.65,64.58,18.1
2420000,60.7,67.53,19.74
2422000,65.99,62.37,16.87
2424000,55.36,67.91,19.95
2426000,63.96,67.32,19.62
2428000,70.06,63.59,17.55
2430000,58.45,60.91,16.06
2432000,58.89,66.56,19.2
2434000,59.5,64.17,17.87
2436000,70.41,64.17,17.87
2438000,56.35,64.53,18.07
2440000,74.68,64.04,17.8
2442000,73.12,67.37,19.65
2444000,69.92,67.78,19.88
2446000,55.46,60.26,15.7
2448000,67.17,64.92,18.29
2450000,67.43,59.2,15.11
2452000,62.35,60.3,15.72
2454000,57.19,64.54,18.08
2456000,61.07,64.96,18.31
2458000,61.83,63.48,17.49
2460000,68.08,61.75,16.53
2462000,67.96,59.63,15.35
2464000,56.48,66.2,19.0
2466000,73.98,62.73,17.07
2468000,72.52,59.29,15.16
2470000,58.7,60.39,15.77
2472000,73.3,64.13,17.85
2474000,72.08,59.94,15.52
2476000,72.39,61.25,16.25
2478000,74.13,65.71,18.73
2480000,65.0,63.54,17.52
2482000,62.52,64.11,17.84
2484000,74.19,64.04,17.8
2486000,62.29,62.73,17.07
2488000,65.2,63.91,17.73
2490000,72.32,61.68,16.49
2492000,73.2,61.65,16.47
2494000,63.62,63.75,17.64
2496000,62.4,66.97,19.43
2498000,62.48,63.09,17.27
2500000,63.73,67.48,19.71
2502000,70.4,62.87,17.15
2504000,58.28,64.42,18.01
2506000,66.24,66.81,19.34
2508000,69.26,65.34,18.52
2510000,55.42,66.78,19.32
2512000,74.02,65.8,18.78
2514000,63.76,66.04,18.91
2516000,55.68,66.83,19.35
2518000,68.4,64.83,18.24
2520000,70.8,63.54,17.52
2522000,63.99,61.74,16.52
2524000,70.1,66.33,19.07
2526000,55.86,67.33,19.63
2528000,73.24,62.64,17.02
2530000,56.28,63.19,17.33
2532000,62.87,64.72,18.18
2534000,64.09,62.96,17.2
2536000,64.35,64.02,17.79
2538000,66.35,64.47,18.04
2540000,63.67,59.07,15.04
2542000,64.7,64.47,18.04
2544000,67.46,62.71,17.06
2546000,70.5,61.74,16.52
2548000,66.48,67.1,19.5
2550000,58.45,63.95,17.75
2552000,59.09,61.9,16.61
2554000,58.61,62.47,16.93
2556000,64.32,61.79,16.55
2558000,56.89,61.72,16.51
2560000,61.13,61.07,16.15
2562000,55.18,67.19,19.55
2564000,61.64,61.86,16.59
2566000,73.27,65.68,18.71
2568000,69.17,64.62,18.12
2570000,61.9,64.49,18.05
2572000,74.08,59.31,15.17
2574000,66.3,66.15,18.97
2576000,69.15,63.82,17.68
2578000,58.06,67.21,19.56
2580000,57.78,65.93,18.85
2582000,65.9,64.81,18.23
2584000,60.38,65.26,18.48
2586000,63.0,60.75,15.97
2588000,60.91,60.01,15.56
2590000,60.98,65.41,18.56
2592000,72.53,59.32,15.18
2594000,66.5,59.31,15.17
2596000,64.6,62.87,17.15
2598000,57.01,66.51,19.17
2600000,67.25,66.97,19.43
2602000,56.84,61.88,16.6
2604000,62.45,66.79,19.33
2606000,64.45,60.13,15.63
2608000,69.31,61.3,16.28
2610000,74.35,60.24,15.69
2612000,74.57,59.22,15.12
2614000,64.61,59.43,15.24
2616000,72.45,59.25,15.14
2618000,71.57,63.81,17.67
2620000,70.13,62.94,17.19
2622000,61.42,64.62,18.12
2624000,66.96,62.74,17.08
2626000,70.67,59.09,15.05
2628000,64.33,65.01,18.34
2630000,70.12,64.89,18.27
2632000,71.9,59.5,15.28
2634000,72.19,62.85,17.14
2636000,62.85,61.34,16.3
2638000,69.56,65.16,18.42
2640000,61.89,65.26,18.48
2642000,67.86,65.57,18.65
2644000,59.61,66.27,19.04
2646000,72.53,63.23,17.35
2648000,74.72,67.21,19.56
2650000,65.3,66.45,19.14
2652000,66.26,67.17,19.54
2654000,58.7,63.55,17.53
2656000,65.7,60.37,15.76
2658000,55.67,63.75,17.64
2660000,74.23,63.82,17.68
2662000,68.6,61.45,16.36
2664000,68.95,63.45,17.47
2666000,73.01,65.71,18.73
2668000,62.7,67.14,19.52
2670000,63.16,60.3,15.72
2672000,63.53,67.17,19.54
2674000,72.2,61.43,16.35
2676000,58.27,65.46,18.59
2678000,66.96,66.13,18.96
2680000,60.55,65.3,18.5
2682000,69.32,64.72,18.18
2684000,60.28,61.11,16.17
2686000,66.0,62.49,16.94
2688000,61.85,60.33,15.74
2690000,67.93,63.72,17.62
2692000,73.19,66.36,19.09
2694000,55.21,60.57,15.87
2696000,56.21,65.37,18.54
2698000,71.8,60.17,15.65
2700000,59.21,67.28,19.6
2702000,60.81,65.08,18.38
2704000,55.12,63.39,17.44
2706000,59.01,59.04,15.02
2708000,60.88,66.76,19.31
2710000,72.44,61.5,16.39
2712000,56.93,66.38,19.1
2714000,72.7,61.95,16.64
2716000,57.01,60.78,15.99
2718000,69.81,61.23,16.24
2720000,70.12,67.5,19.72
2722000,67.2,64.0,17.78
2724000,56.5,65.66,18.7
2726000,62.44,62.98,17.21
2728000,67.88,61.97,16.65
2730000,63.5,64.89,18.27
2732000,58.43,67.24,19.58
2734000,59.4,60.53,15.85
2736000,55.87,64.8,18.22
2738000,74.52,66.74,19.3
2740000,61.48,65.28,18.49
2742000,71.57,66.96,19.42
2744000,59.79,59.65,15.36
2746000,65.55,60.71,15.95
2748000,55.03,63.01,17.23
2750000,66.03,61.14,16.19
2752000,62.47,59.72,15.4
2754000,73.42,59.7,15.39
2756000,74.8,63.05,17.25
2758000,63.29,64.56,18.09
2760000,72.29,60.57,15.87
2762000,55.53,65.84,18.8
2764000,57.25,63.79,17.66
2766000,63.22,64.89,18.27
2768000,57.96,60.51,15.84
2770000,55.05,66.9,19.39
2772000,59.97,63.23,17.35
2774000,64.87,67.26,19.59
2776000,69.54,66.6,19.22
2778000,73.61,64.83,18.24
2780000,71.05,66.61,19.23
2782000,74.41,67.01,19.45
2784000,67.77,66.88,19.38
2786000,61.46,63.93,17.74
2788000,58.94,62.76,17.09
2790000,63.27,65.37,18.54
2792000,61.13,65.84,18.8
2794000,70.89,61.47,16.37
2796000,67.41,60.73,15.96
2798000,60.66,63.23,17.35
2800000,57.55,60.53,15.85
2802000,56.8,65.26,18.48
2804000,74.55,59.65,15.36
2806000,67.65,59.14,15.08
2808000,57.11,65.05,18.36
2810000,61.22,61.32,16.29
2812000,63.92,67.57,19.76
2814000,66.52,61.3,16.28
2816000,71.85,65.68,18.71
2818000,59.17,65.57,18.65
2820000,58.52,63.75,17.64
2822000,65.54,65.16,18.42
2824000,74.12,66.52,19.18
2826000,68.9,65.8,18.78
2828000,71.19,64.74,18.19
2830000,69.11,67.26,19.59
2832000,61.89,66.76,19.31
2834000,65.79,61.75,16.53
2836000,57.56,64.22,17.9
2838000,61.11,65.23,18.46
2840000,61.4,66.25,19.03
2842000,71.23,65.08,18.38
2844000,62.97,62.35,16.86
2846000,56.27,63.23,17.35
2848000,56.16,59.41,15.23
2850000,72.99,63.37,17.43
2852000,64.18,61.65,16.47
2854000,61.73,67.23,19.57
2856000,67.03,65.75,18.75
2858000,62.6,66.9,19.39
2860000,66.91,63.03,17.24
2862000,72.78,63.43,17.46
2864000,73.8,61.07,16.15
2866000,67.18,65.1,18.39
2868000,63.63,65.79,18.77
2870000,59.21,62.15,16.75
2872000,69.48,62.69,17.05
2874000,60.31,61.3,16.28
2876000,61.25,62.87,17.15
2878000,64.54,63.9,17.72
2880000,66.23,67.53,19.74
2882000,67.05,66.16,18.98
2884000,70.57,65.52,18.62
2886000,63.92,59.47,15.26
2888000,63.69,67.62,19.79
2890000,71.92,59.16,15.09
2892000,57.29,63.97,17.76
2894000,71.87,62.08,16.71
2896000,56.37,65.62,18.68
2898000,70.9,66.94,19.41
2900000,64.94,67.62,19.79
2902000,55.52,64.13,17.85
2904000,69.14,63.77,17.65
2906000,61.61,61.47,16.37
2908000,64.92,63.12,17.29
2910000,56.14,65.43,18.57
2912000,56.24,62.89,17.16
2914000,74.35,61.45,16.36
2916000,67.42,59.2,15.11
2918000,56.32,67.53,19.74
2920000,67.34,67.57,19.76
2922000,60.58,62.62,17.01
2924000,67.47,65.3,18.5
2926000,72.65,62.2,16.78
2928000,71.6,60.85,16.03
2930000,60.53,62.51,16.95
2932000,58.33,66.79,19.33
2934000,57.1,65.5,18.61
2936000,74.55,60.08,15.6
2938000,70.34,61.97,16.65
2940000,71.75,59.25,15.14
2942000,64.01,64.17,17.87
2944000,60.66,66.15,18.97
2946000,69.97,67.19,19.55
2948000,65.09,62.02,16.68
2950000,73.73,61.79,16.55
2952000,55.29,63.68,17.6
2954000,74.62,60.13,15.63
2956000,61.37,63.36,17.42
2958000,59.23,62.35,16.86
2960000,70.03,66.34,19.08
2962000,62.21,59.09,15.05
2964000,65.81,59.16,15.09
2966000,64.74,64.17,17.87
2968000,58.1,67.5,19.72
2970000,69.76,60.22,15.68
2972000,61.34,60.85,16.03
2974000,69.69,61.97,16.65
2976000,74.35,63.93,17.74
2978000,68.12,59.2,15.11
2980000,60.63,67.24,19.58
2982000,59.5,66.45,19.14
2984000,73.69,67.37,19.65
2986000,66.31,59.27,15.15
2988000,67.38,59.95,15.53
2990000,66.84,63.97,17.76
2992000,71.07,66.2,19.0
2994000,72.84,61.36,16.31
2996000,70.44,59.49,15.27
2998000,60.59,60.08,15.6
3000000,57.52,67.87,19.93
3002000,56.96,65.75,18.75
3004000,62.29,60.85,16.03
3006000,64.18,63.72,17.62
3008000,67.77,59.5,15.28
3010000,57.27,61.86,16.59
3012000,66.66,64.47,18.04
3014000,56.11,62.38,16.88
3016000,60.97,63.14,17.3
3018000,65.74,65.35,18.53
3020000,61.8,67.77,19.87
3022000,74.2,62.78,17.1
3024000,71.28,64.06,17.81
3026000,58.07,59.76,15.42
3028000,74.52,62.8,17.11
3030000,60.55,61.99,16.66
3032000,66.05,61.59,16.44
3034000,56.53,66.16,18.98
3036000,66.45,60.91,16.06
3038000,73.01,65.55,18.64
3040000,72.52,63.63,17.57
3042000,74.91,66.76,19.31
3044000,56.63,64.69,18.16
3046000,62.37,67.08,19.49
3048000,66.03,62.83,17.13
3050000,58.96,62.02,16.68
3052000,72.41,59.04,15.02
3054000,56.96,64.13,17.85
3056000,55.69,60.13,15.63
3058000,61.85,64.83,18.24
3060000,74.48,67.33,19.63
3062000,64.58,64.29,17.94
3064000,58.9,67.1,19.5
3066000,64.37,64.78,18.21
3068000,64.28,65.1,18.39
3070000,69.49,60.24,15.69
3072000,68.52,61.43,16.35
3074000,63.71,66.42,19.12
3076000,74.9,64.26,17.92
3078000,59.28,67.05,19.47
3080000,67.21,65.32,18.51
3082000,63.63,66.07,18.93
3084000,64.87,65.26,18.48
3086000,73.83,59.9,15.5
3088000,57.86,60.6,15.89
3090000,59.27,65.3,18.5
3092000,60.82,61.23,16.24
3094000,62.91,67.26,19.59
3096000,69.74,65.89,18.83
3098000,62.63,61.97,16.65
3100000,74.11,61.7,16.5
3102000,67.52,61.99,16.66
3104000,68.63,62.44,16.91
3106000,59.1,61.23,16.24
3108000,59.38,65.98,18.88
3110000,74.93,67.46,19.7
3112000,67.1,60.57,15.87
3114000,69.84,64.09,17.83
3116000,68.44,66.25,19.03
3118000,60.19,65.34,18.52
3120000,72.91,65.84,18.8
3122000,68.83,64.27,17.93
3124000,63.21,59.88,15.49
3126000,63.76,67.17,19.54
3128000,62.85,66.11,18.95
3130000,68.66,60.6,15.89
3132000,63.31,59.04,15.02
3134000,61.77,62.85,17.14
3136000,59.37,61.07,16.15
3138000,68.64,64.35,17.97
3140000,58.22,67.75,19.86
3142000,74.96,62.78,17.1
3144000,67.05,65.21,18.45
3146000,74.5,67.91,19.95
3148000,59.61,65.44,18.58
3150000,60.36,65.23,18.46
3152000,62.39,66.67,19.26
3154000,56.38,60.93,16.07
3156000,57.5,60.48,15.82
3158000,56.6,67.44,19.69
3160000,72.4,67.23,19.57
3162000,60.08,63.82,17.68
3164000,63.9,64.72,18.18
3166000,67.81,59.97,15.54
3168000,69.11,65.34,18.52
3170000,61.8,67.71,19.84
3172000,73.59,66.42,19.12
3174000,64.96,59.76,15.42
3176000,64.31,65.1,18.39
3178000,70.93,60.94,16.08
3180000,56.96,63.63,17.57
3182000,73.71,60.22,15.68
3184000,72.81,64.09,17.83
3186000,67.8,63.99,17.77
3188000,57.72,66.76,19.31
3190000,65.7,62.24,16.8
3192000,58.98,66.47,19.15
3194000,66.42,67.21,19.56
3196000,63.72,67.59,19.77
3198000,58.86,59.31,15.17
3200000,73.45,65.57,18.65
3202000,72.29,65.79,18.77
3204000,63.14,62.55,16.97
3206000,61.53,63.86,17.7
3208000,63.21,66.81,19.34
3210000,56.7,61.9,16.61
3212000,73.11,66.83,19.35
3214000,74.04,63.9,17.72
3216000,66.31,61.36,16.31
3218000,69.36,62.42,16.9
3220000,65.81,66.81,19.34
3222000,57.78,63.34,17.41
3224000,72.93,67.73,19.85
3226000,64.91,61.59,16.44
3228000,58.26,66.49,19.16
3230000,68.31,67.57,19.76
3232000,64.57,62.71,17.06
3234000,60.15,61.32,16.29
3236000,73.86,61.54,16.41
3238000,70.36,60.98,16.1
3240000,62.22,62.22,16.79
3242000,74.99,65.41,18.56
3244000,73.95,66.76,19.31
3246000,72.0,65.86,18.81
3248000,62.04,67.37,19.65
3250000,60.06,61.57,16.43
3252000,66.39,64.67,18.15
3254000,58.16,62.98,17.21
3256000,72.0,59.36,15.2
3258000,71.62,62.62,17.01
3260000,74.64,59.68,15.38
3262000,63.8,63.09,17.27
3264000,58.75,65.75,18.75
3266000,68.48,63.25,17.36
3268000,64.52,61.38,16.32
3270000,59.71,66.47,19.15
3272000,66.92,64.65,18.14
3274000,73.55,61.79,16.55
3276000,70.48,64.0,17.78
3278000,64.21,62.8,17.11
3280000,71.41,64.81,18.23
3282000,62.56,60.55,15.86
3284000,60.08,67.53,19.74
3286000,74.93,66.61,19.23
3288000,67.53,67.1,19.5
3290000,63.49,59.54,15.3
3292000,58.98,63.25,17.36
3294000,71.82,59.79,15.44
3296000,58.63,65.44,18.58
3298000,58.85,64.72,18.18
3300000,74.24,61.66,16.48
3302000,69.18,61.63,16.46
3304000,61.82,63.77,17.65
3306000,70.46,65.89,18.83
3308000,68.01,63.68,17.6
3310000,65.25,65.66,18.7
3312000,55.7,67.93,19.96
3314000,72.41,63.14,17.3
3316000,62.73,59.36,15.2
3318000,71.85,59.2,15.11
3320000,58.31,67.64,19.8
3322000,60.14,61.79,16.55
3324000,68.37,67.35,19.64
3326000,64.6,64.31,17.95
3328000,56.51,61.65,16.47
3330000,55.65,67.91,19.95
3332000,55.73,61.32,16.29
3334000,58.62,65.16,18.42
3336000,57.51,60.21,15.67
3338000,62.51,64.92,18.29
3340000,66.8,59.81,15.45
3342000,67.79,62.64,17.02
3344000,61.76,61.83,16.57
3346000,70.56,62.02,16.68
3348000,72.72,67.78,19.88
3350000,67.97,62.71,17.06
3352000,59.97,61.92,16.62
3354000,58.54,64.26,17.92
3356000,74.62,62.8,17.11
3358000,59.98,65.62,18.68
3360000,69.8,64.8,18.22
3362000,73.51,67.73,19.85
3364000,73.22,60.93,16.07
3366000,57.23,59.49,15.27
3368000,55.45,60.01,15.56
3370000,64.01,64.83,18.24
3372000,61.93,67.96,19.98
3374000,55.77,62.49,16.94
3376000,69.89,61.5,16.39
3378000,60.01,60.31,15.73
3380000,58.68,67.17,19.54
3382000,64.29,66.99,19.44
3384000,66.0,59.56,15.31
3386000,65.92,65.16,18.42
3388000,58.05,62.91,17.17
3390000,62.19,64.81,18.23
3392000,73.28,59.27,15.15
3394000,58.75,64.47,18.04
3396000,70.55,65.97,18.87
3398000,58.56,63.79,17.66
3400000,58.22,65.73,18.74
3402000,71.36,64.08,17.82
3404000,69.38,59.77,15.43
3406000,57.25,65.75,18.75
3408000,61.04,65.84,18.8
3410000,60.22,66.87,19.37
3412000,60.3,64.4,18.0
3414000,66.77,62.37,16.87
3416000,70.66,64.76,18.2
3418000,56.04,62.26,16.81
3420000,74.32,62.29,16.83
3422000,55.12,66.49,19.16
3424000,68.84,60.15,15.64
3426000,58.82,66.81,19.34
3428000,61.09,60.96,16.09
3430000,59.05,66.02,18.9
3432000,72.74,64.76,18.2
3434000,73.03,65.98,18.88
3436000,56.26,68.0,20.0
3438000,70.26,61.52,16.4
3440000,66.19,61.05,16.14
3442000,71.85,64.38,17.99
3444000,67.68,64.2,17.89
3446000,56.13,66.04,18.91
3448000,60.08,61.57,16.43
3450000,56.47,67.73,19.85
3452000,59.88,59.86,15.48
3454000,61.32,62.91,17.17
3456000,67.25,63.07,17.26
3458000,69.87,62.42,16.9
3460000,59.57,59.41,15.23
3462000,70.81,64.02,17.79
3464000,63.86,66.34,19.08
3466000,59.6,62.22,16.79
3468000,73.06,63.97,17.76
3470000,59.75,60.76,15.98
3472000,68.59,65.62,18.68
3474000,57.79,62.73,17.07
3476000,57.42,59.94,15.52
3478000,55.99,59.85,15.47
3480000,68.93,66.25,19.03
3482000,64.93,60.71,15.95
3484000,60.87,65.98,18.88
3486000,70.08,66.56,19.2
3488000,57.14,61.72,16.51
3490000,56.56,64.4,18.0
3492000,68.45,63.61,17.56
3494000,60.26,63.36,17.42
3496000,73.29,64.58,18.1
3498000,66.08,60.51,15.84
3500000,69.02,65.14,18.41
3502000,71.58,64.27,17.93
3504000,73.38,67.05,19.47
3506000,62.98,61.41,16.34
3508000,61.06,66.97,19.43
3510000,73.39,60.12,15.62
3512000,69.76,67.75,19.86
3514000,63.48,64.54,18.08
3516000,66.42,59.34,15.19
3518000,72.81,60.15,15.64
3520000,61.27,67.96,19.98
3522000,74.7,67.37,19.65
3524000,62.16,65.08,18.38
3526000,59.5,66.24,19.02
3528000,63.67,65.5,18.61
3530000,73.56,66.79,19.33
3532000,67.78,63.5,17.5
3534000,72.62,66.34,19.08
3536000,58.53,59.29,15.16
3538000,73.46,64.92,18.29
3540000,62.11,63.99,17.77
3542000,64.83,63.18,17.32
3544000,55.92,60.71,15.95
3546000,55.99,62.91,17.17
3548000,72.04,67.42,19.68
3550000,74.43,63.9,17.72
3552000,68.54,59.04,15.02
3554000,65.05,63.97,17.76
3556000,73.69,67.91,19.95
3558000,72.21,67.26,19.59
3560000,72.49,64.18,17.88
3562000,70.71,64.17,17.87
3564000,65.78,65.28,18.49
3566000,56.89,64.67,18.15
3568000,65.59,67.87,19.93
3570000,56.95,59.83,15.46
3572000,61.63,61.52,16.4
3574000,59.71,65.66,18.7
3576000,63.12,63.55,17.53
3578000,72.66,64.29,17.94
3580000,73.1,65.8,18.78
3582000,69.63,64.71,18.17
3584000,68.1,63.19,17.33
3586000,69.5,66.78,19.32
3588000,63.24,62.96,17.2
3590000,55.96,62.22,16.79
3592000,60.11,66.69,19.27
3594000,66.21,59.63,15.35
3596000,60.74,61.29,16.27
3598000,61.12,67.33,19.63
3600000,64.39,66.38,19.1
3602000,73.76,65.79,18.77
3604000,65.42,67.1,19.5
3606000,72.12,65.01,18.34
3608000,72.03,64.02,17.79
3610000,66.4,59.32,15.18
3612000,56.52,63.3,17.39
3614000,55.9,65.05,18.36
3616000,73.78,65.61,18.67
3618000,56.34,60.21,15.67
3620000,61.21,63.79,17.66
3622000,63.8,62.29,16.83
3624000,70.24,64.15,17.86
3626000,66.7,61.86,16.59
3628000,63.81,65.3,18.5
3630000,69.85,63.09,17.27
3632000,68.54,62.71,17.06
3634000,59.56,64.6,18.11
3636000,64.46,67.55,19.75
3638000,69.03,67.3,19.61
3640000,59.15,63.18,17.32
3642000,64.96,63.37,17.43
3644000,55.9,60.44,15.8
3646000,67.33,63.34,17.41
3648000,68.51,59.56,15.31
3650000,60.54,66.83,19.35
3652000,68.73,62.56,16.98
3654000,71.08,61.32,16.29
3656000,60.78,67.78,19.88
3658000,71.71,61.32,16.29
3660000,66.81,60.19,15.66
3662000,69.68,67.82,19.9
3664000,64.63,65.1,18.39
3666000,59.15,61.97,16.65
3668000,68.12,64.45,18.03
3670000,69.6,64.08,17.82
3672000,70.21,66.67,19.26
3674000,67.11,67.15,19.53
3676000,65.87,65.05,18.36
3678000,58.8,67.32,19.62
3680000,60.06,62.06,16.7
3682000,66.48,65.05,18.36
3684000,57.2,65.07,18.37
3686000,69.13,66.97,19.43
3688000,70.45,64.51,18.06
3690000,68.92,63.21,17.34
3692000,57.15,64.02,17.79
3694000,59.61,67.5,19.72
3696000,74.7,59.47,15.26
3698000,70.53,66.74,19.3
3700000,56.45,64.54,18.08
3702000,72.47,59.63,15.35
3704000,67.14,64.67,18.15
3706000,68.31,61.05,16.14
3708000,59.5,66.47,19.15
3710000,65.28,66.2,19.0
3712000,61.53,67.32,19.62
3714000,73.24,67.78,19.88
3716000,67.26,61.56,16.42
3718000,64.54,59.2,15.11
3720000,71.14,60.75,15.97
3722000,56.87,63.55,17.53
3724000,69.78,67.8,19.89
3726000,56.01,67.91,19.95
3728000,67.12,66.42,19.12
3730000,59.51,62.15,16.75
3732000,74.48,67.21,19.56
3734000,71.75,63.19,17.33
3736000,62.92,64.58,18.1
3738000,73.5,62.85,17.14
3740000,55.97,62.65,17.03
3742000,57.32,61.12,16.18
3744000,66.85,62.6,17.0
3746000,69.71,66.72,19.29
3748000,58.22,67.55,19.75
3750000,66.24,61.97,16.65
3752000,56.09,64.54,18.08
3754000,64.34,63.68,17.6
3756000,64.38,64.18,17.88
3758000,61.2,66.61,19.23
3760000,71.68,67.17,19.54
3762000,67.55,62.47,16.93
3764000,70.34,60.39,15.77
3766000,62.06,67.95,19.97
3768000,64.79,64.65,18.14
3770000,73.14,59.22,15.12
3772000,70.21,65.91,18.84
3774000,60.91,66.18,18.99
3776000,74.15,60.71,15.95
3778000,74.56,67.24,19.58
3780000,63.48,66.6,19.22
3782000,70.7,64.53,18.07
3784000,68.82,60.62,15.9
3786000,57.34,64.83,18.24
3788000,70.28,67.14,19.52
3790000,73.16,63.03,17.24
3792000,59.88,66.06,18.92
3794000,57.42,67.78,19.88
3796000,65.7,65.82,18.79
3798000,74.04,64.15,17.86
3800000,65.96,63.23,17.35
3802000,71.35,67.89,19.94
3804000,67.31,64.15,17.86
3806000,61.06,64.69,18.16
3808000,65.82,65.7,18.72
3810000,59.01,64.94,18.3
3812000,70.34,65.14,18.41
3814000,73.41,63.68,17.6
3816000,71.93,61.66,16.48
3818000,69.31,61.02,16.12
3820000,72.89,60.26,15.7
3822000,68.45,61.54,16.41
3824000,61.94,67.23,19.57
3826000,73.94,61.81,16.56
3828000,74.6,65.32,18.51
3830000,71.43,65.23,18.46
3832000,62.33,63.57,17.54
3834000,63.16,65.64,18.69
3836000,55.74,61.59,16.44
3838000,67.6,62.82,17.12
3840000,59.23,63.68,17.6
3842000,71.66,67.06,19.48
3844000,71.1,59.7,15.39
3846000,55.86,62.26,16.81
3848000,66.54,59.29,15.16
3850000,71.76,59.7,15.39
3852000,59.74,65.14,18.41
3854000,70.09,63.46,17.48
3856000,64.76,62.11,16.73
3858000,60.52,66.67,19.26
3860000,69.43,64.67,18.15
3862000,56.94,61.39,16.33
3864000,61.42,67.28,19.6
3866000,55.43,65.7,18.72
3868000,55.27,65.34,18.52
3870000,66.71,61.45,16.36
3872000,65.6,62.13,16.74
3874000,72.2,60.71,15.95
3876000,74.52,59.22,15.12
3878000,62.07,59.43,15.24
3880000,58.97,62.71,17.06
3882000,75.0,67.69,19.83
3884000,69.62,59.67,15.37
3886000,73.54,61.43,16.35
3888000,60.19,60.93,16.07
3890000,74.35,62.02,16.68
3892000,56.7,59.54,15.3
3894000,55.95,62.71,17.06
3896000,58.27,67.15,19.53
3898000,71.65,67.44,19.69
3900000,56.11,60.4,15.78
3902000,60.51,61.79,16.55
3904000,62.38,65.1,18.39
3906000,70.0,61.7,16.5
3908000,67.34,67.5,19.72
3910000,63.24,66.34,19.08
3912000,59.22,66.04,18.91
3914000,70.9,65.43,18.57
3916000,62.48,66.61,19.23
3918000,69.9,64.54,18.08
3920000,68.3,63.39,17.44
3922000,61.93,65.79,18.77
3924000,58.02,63.09,17.27
3926000,64.5,67.28,19.6
3928000,57.29,64.35,17.97
3930000,69.1,66.06,18.92
3932000,55.33,61.65,16.47
3934000,71.8,67.17,19.54
3936000,63.59,67.71,19.84
3938000,65.95,67.84,19.91
3940000,74.41,66.15,18.97
3942000,55.05,63.32,17.4
3944000,64.42,64.53,18.07
3946000,57.54,65.19,18.44
3948000,56.42,63.72,17.62
3950000,64.32,65.98,18.88
3952000,71.36,66.43,19.13
3954000,68.76,59.41,15.23
3956000,70.31,66.67,19.26
3958000,56.74,62.4,16.89
3960000,68.87,60.12,15.62
3962000,68.95,63.41,17.45
3964000,61.4,66.63,19.24
3966000,56.24,60.21,15.67
3968000,57.77,63.7,17.61
3970000,70.49,63.34,17.41
3972000,64.76,63.52,17.51
3974000,73.62,60.37,15.76
3976000,58.65,65.61,18.67
3978000,72.66,66.67,19.26
3980000,67.5,59.95,15.53
3982000,56.78,64.65,18.14
3984000,57.34,61.77,16.54
3986000,57.22,60.82,16.01
3988000,68.29,62.69,17.05
3990000,58.08,63.73,17.63
3992000,57.71,59.45,15.25
3994000,57.49,64.89,18.27
3996000,69.81,65.86,18.81
3998000,56.98,67.91,19.95
4000000,70.31,65.8,18.78
4002000,66.58,63.48,17.49
4004000,60.95,66.61,19.23
4006000,70.59,67.35,19.64
4008000,68.87,63.86,17.7
4010000,73.18,59.88,15.49
4012000,65.93,63.88,17.71
4014000,65.44,61.66,16.48
4016000,69.95,61.43,16.35
4018000,57.92,59.5,15.28
4020000,72.91,63.55,17.53
4022000,72.14,60.87,16.04
4024000,74.49,66.42,19.12
4026000,59.61,63.59,17.55
4028000,74.5,64.71,18.17
4030000,58.16,61.99,16.66
4032000,57.89,59.65,15.36
4034000,58.25,64.42,18.01
4036000,56.49,65.41,18.56
4038000,60.46,64.71,18.17
4040000,66.34,67.19,19.55
4042000,70.3,59.76,15.42
4044000,63.47,66.4,19.11
4046000,70.68,65.57,18.65
4048000,63.22,67.89,19.94
4050000,72.3,65.43,18.57
4052000,64.93,66.97,19.43
4054000,65.99,61.41,16.34
4056000,56.89,61.9,16.61
4058000,64.09,59.79,15.44
4060000,59.71,63.64,17.58
4062000,65.11,60.26,15.7
4064000,67.6,61.3,16.28
4066000,69.46,66.54,19.19
4068000,56.81,67.14,19.52
4070000,64.53,67.75,19.86
4072000,63.37,59.95,15.53
4074000,60.32,67.59,19.77
4076000,68.29,63.54,17.52
4078000,57.09,59.32,15.18
4080000,60.25,60.17,15.65
4082000,61.2,64.47,18.04
4084000,68.45,61.29,16.27
4086000,58.62,65.25,18.47
4088000,65.55,61.2,16.22
4090000,74.53,65.17,18.43
4092000,55.37,65.82,18.79
4094000,65.79,67.78,19.88
4096000,71.11,63.79,17.66
4098000,57.67,64.09,17.83
4100000,57.58,62.19,16.77
4102000,59.3,59.77,15.43
4104000,74.39,66.4,19.11
4106000,73.91,63.86,17.7
4108000,56.93,67.87,19.93
4110000,62.71,63.37,17.43
4112000,61.04,61.11,16.17
4114000,56.56,65.53,18.63
4116000,61.62,60.62,15.9
4118000,57.26,62.11,16.73
4120000,56.86,60.93,16.07
4122000,59.6,67.35,19.64
4124000,60.88,65.59,18.66
4126000,69.05,61.3,16.28
4128000,67.97,65.66,18.7
4130000,63.52,61.54,16.41
4132000,71.1,67.84,19.91
4134000,71.96,64.85,18.25
4136000,69.53,61.63,16.46
4138000,67.76,66.7,19.28
4140000,70.28,59.7,15.39
4142000,65.68,61.83,16.57
4144000,59.41,66.72,19.29
4146000,58.95,61.56,16.42
4148000,74.36,64.71,18.17
4150000,66.01,67.05,19.47
4152000,71.2,66.09,18.94
4154000,69.16,59.2,15.11
4156000,64.72,65.68,18.71
4158000,59.27,61.36,16.31
4160000,55.9,61.54,16.41
4162000,71.56,60.3,15.72
4164000,64.65,66.09,18.94
4166000,59.71,64.33,17.96
4168000,62.63,60.24,15.69
4170000,56.43,61.63,16.46
4172000,66.29,61.9,16.61
4174000,69.68,64.74,18.19
4176000,73.7,59.2,15.11
4178000,58.75,59.09,15.05
4180000,68.55,66.58,19.21
4182000,74.89,62.85,17.14
4184000,61.38,63.25,17.36
4186000,68.65,63.32,17.4
4188000,60.79,65.17,18.43
4190000,73.7,61.75,16.53
4192000,59.16,66.07,18.93
4194000,64.49,59.79,15.44
4196000,57.53,60.53,15.85
4198000,71.24,61.36,16.31
4200000,57.41,60.85,16.03
4202000,62.46,66.02,18.9
4204000,65.61,65.55,18.64
4206000,68.66,60.87,16.04
4208000,66.2,61.61,16.45
4210000,59.08,65.17,18.43
4212000,59.72,63.48,17.49
4214000,74.78,63.88,17.71
4216000,62.08,66.99,19.44
4218000,64.5,67.01,19.45
4220000,56.6,65.28,18.49
4222000,59.54,62.64,17.02
4224000,57.65,64.58,18.1
4226000,67.72,61.43,16.35
4228000,57.84,67.23,19.57
4230000,55.83,62.58,16.99
4232000,70.44,62.67,17.04
4234000,74.85,60.57,15.87
4236000,68.4,65.46,18.59
4238000,64.8,63.41,17.45
4240000,60.47,62.01,16.67
4242000,64.12,60.84,16.02
4244000,59.94,67.3,19.61
4246000,71.99,59.41,15.23
4248000,63.62,60.44,15.8
4250000,73.32,60.8,16.0
4252000,66.48,59.11,15.06
4254000,68.18,61.61,16.45
4256000,68.45,65.91,18.84
4258000,74.07,59.38,15.21
4260000,62.61,67.14,19.52
4262000,60.4,65.73,18.74
4264000,73.37,65.26,18.48
4266000,66.69,61.72,16.51
4268000,56.9,67.87,19.93
4270000,68.46,66.83,19.35
4272000,69.66,59.2,15.11
4274000,55.94,63.95,17.75
4276000,59.62,62.13,16.74
4278000,57.06,62.8,17.11
4280000,74.97,64.51,18.06
4282000,63.9,59.04,15.02
4284000,68.77,67.12,19.51
4286000,66.79,66.94,19.41
4288000,60.01,67.14,19.52
4290000,55.94,66.74,19.3
4292000,63.19,60.58,15.88
4294000,70.92,66.07,18.93
4296000,69.69,66.45,19.14
4298000,66.75,67.19,19.55
4300000,59.51,65.79,18.77
4302000,56.22,59.94,15.52
4304000,66.18,65.53,18.63
4306000,74.71,67.01,19.45
4308000,66.03,63.77,17.65
4310000,59.69,66.67,19.26
4312000,58.67,63.66,17.59
4314000,65.39,65.7,18.72
4316000,55.25,63.75,17.64
4318000,57.37,60.03,15.57
4320000,56.29,60.84,16.02
4322000,68.68,59.97,15.54
4324000,67.65,66.99,19.44
4326000,56.73,62.02,16.68
4328000,55.49,63.95,17.75
4330000,62.44,62.22,16.79
4332000,69.42,65.12,18.4
4334000,63.01,64.65,18.14
4336000,63.85,59.29,15.16
4338000,74.97,67.32,19.62
4340000,61.61,62.1,16.72
4342000,74.77,63.55,17.53
4344000,65.1,67.59,19.77
4346000,71.96,66.58,19.21
4348000,67.88,65.91,18.84
4350000,71.02,67.71,19.84
4352000,55.69,60.22,15.68
4354000,61.85,64.94,18.3
4356000,61.33,67.98,19.99
4358000,69.6,60.39,15.77
4360000,57.06,60.55,15.86
4362000,59.16,62.1,16.72
4364000,57.09,59.74,15.41
4366000,56.09,59.32,15.18
4368000,58.6,66.58,19.21
4370000,57.09,59.18,15.1
4372000,67.83,62.04,16.69
4374000,59.82,65.26,18.48
4376000,70.63,60.39,15.77
4378000,74.74,67.14,19.52
4380000,67.8,63.54,17.52
4382000,60.72,61.74,16.52
4384000,65.66,65.66,18.7
4386000,65.5,59.59,15.33
4388000,61.78,66.92,19.4
4390000,62.91,61.34,16.3
4392000,62.74,60.85,16.03
4394000,56.22,63.09,17.27
4396000,61.11,67.73,19.85
4398000,56.86,65.59,18.66
4400000,58.8,63.73,17.63
4402000,63.2,61.3,16.28
4404000,64.42,63.7,17.61
4406000,65.14,64.36,17.98
4408000,74.68,66.99,19.44
4410000,65.15,67.91,19.95
4412000,68.58,66.0,18.89
4414000,57.36,66.15,18.97
4416000,68.57,66.16,18.98
4418000,70.03,60.21,15.67
4420000,61.92,63.52,17.51
4422000,66.49,62.44,16.91
4424000,67.69,64.62,18.12
4426000,61.8,62.82,17.12
4428000,71.39,62.85,17.14
4430000,73.45,62.15,16.75
4432000,56.5,65.43,18.57
4434000,73.98,62.74,17.08
4436000,66.14,64.99,18.33
4438000,63.09,65.82,18.79
4440000,66.69,64.18,17.88
4442000,68.4,59.9,15.5
4444000,60.28,59.22,15.12
4446000,72.19,59.0,15.0
4448000,55.25,65.77,18.76
4450000,67.5,67.35,19.64
4452000,68.46,59.99,15.55
4454000,67.68,60.22,15.68
4456000,59.58,65.82,18.79
4458000,55.78,63.39,17.44
4460000,72.33,63.03,17.24
4462000,68.12,60.76,15.98
4464000,66.98,67.03,19.46
4466000,55.24,65.21,18.45
4468000,55.81,67.82,19.9
4470000,72.17,60.62,15.9
4472000,55.59,61.2,16.22
4474000,56.09,65.79,18.77
4476000,62.81,66.85,19.36
4478000,55.2,59.54,15.3
4480000,59.87,64.44,18.02
4482000,62.62,60.13,15.63
4484000,63.3,63.79,17.66
4486000,72.57,67.68,19.82
4488000,55.99,61.3,16.28
4490000,63.25,67.57,19.76
4492000,72.74,62.29,16.83
4494000,63.9,60.64,15.91
4496000,70.72,65.32,18.51
4498000,68.82,62.29,16.83
4500000,67.72,64.06,17.81
4502000,72.58,66.69,19.27
4504000,57.55,65.1,18.39
4506000,65.07,66.0,18.89
4508000,68.47,60.93,16.07
4510000,70.55,67.59,19.77
4512000,66.54,62.49,16.94
4514000,59.93,64.81,18.23
4516000,71.25,62.1,16.72
4518000,66.12,67.82,19.9
4520000,71.37,59.94,15.52
4522000,61.2,64.85,18.25
4524000,72.41,59.68,15.38
4526000,68.51,66.16,18.98
4528000,56.08,59.23,15.13
4530000,74.2,65.95,18.86
4532000,63.83,59.11,15.06
4534000,73.01,66.87,19.37
4536000,68.89,64.65,18.14
4538000,58.29,66.94,19.41
4540000,74.98,67.33,19.63
4542000,62.55,59.74,15.41
4544000,56.42,59.09,15.05
4546000,64.39,59.47,15.26
4548000,59.67,63.21,17.34
4550000,64.89,59.02,15.01
4552000,57.46,59.13,15.07
4554000,71.11,64.42,18.01
4556000,71.92,65.46,18.59
4558000,61.61,65.97,18.87
4560000,67.3,62.82,17.12
4562000,60.92,60.01,15.56
4564000,60.1,61.56,16.42
4566000,67.76,63.21,17.34
4568000,56.18,66.6,19.22
4570000,69.99,62.33,16.85
4572000,72.73,59.38,15.21
4574000,65.67,59.22,15.12
4576000,55.13,62.17,16.76
4578000,70.69,66.74,19.3
4580000,69.4,67.35,19.64
4582000,71.16,62.8,17.11
4584000,71.05,64.83,18.24
4586000,70.85,60.17,15.65
4588000,60.29,67.55,19.75
4590000,74.81,63.16,17.31
4592000,61.62,61.77,16.54
4594000,64.37,65.48,18.6
4596000,57.2,59.5,15.28
4598000,73.91,60.75,15.97
4600000,70.45,65.97,18.87
4602000,72.37,59.45,15.25
4604000,66.19,64.44,18.02
4606000,56.17,67.82,19.9
4608000,61.33,62.87,17.15
4610000,67.39,60.48,15.82
4612000,72.32,64.4,18.0
4614000,73.04,60.03,15.57
4616000,55.7,63.59,17.55
4618000,57.45,67.69,19.83
4620000,74.69,64.89,18.27
4622000,68.29,61.43,16.35
4624000,62.05,67.55,19.75
4626000,64.33,59.95,15.53
4628000,61.15,65.57,18.65
4630000,61.35,66.33,19.07
4632000,71.23,62.38,16.88
4634000,71.06,60.84,16.02
4636000,64.45,61.38,16.32
4638000,59.19,59.7,15.39
4640000,60.96,61.97,16.65
4642000,72.95,66.52,19.18
4644000,72.97,60.57,15.87
4646000,66.74,66.09,18.94
4648000,67.73,61.7,16.5
4650000,65.68,64.47,18.04
4652000,60.92,64.54,18.08
4654000,71.58,62.1,16.72
4656000,63.51,59.05,15.03
4658000,59.88,65.37,18.54
4660000,67.69,62.24,16.8
4662000,60.9,59.13,15.07
4664000,59.89,67.66,19.81
4666000,74.1,62.85,17.14
4668000,58.11,64.92,18.29
4670000,65.3,65.21,18.45
4672000,64.22,59.41,15.23
4674000,65.41,61.43,16.35
4676000,59.54,67.66,19.81
4678000,64.85,66.56,19.2
4680000,64.51,59.7,15.39
4682000,67.16,67.5,19.72
4684000,72.74,60.98,16.1
4686000,66.46,60.26,15.7
4688000,65.36,59.61,15.34
4690000,59.5,65.32,18.51
4692000,72.31,60.48,15.82
4694000,58.26,59.23,15.13
4696000,74.74,62.82,17.12
4698000,65.1,64.62,18.12
4700000,55.95,64.85,18.25
4702000,63.18,66.92,19.4
4704000,73.89,65.62,18.68
4706000,63.97,67.26,19.59
4708000,63.45,62.74,17.08
4710000,66.51,66.51,19.17
4712000,67.36,63.64,17.58
4714000,74.82,63.75,17.64
4716000,71.65,61.97,16.65
4718000,69.43,63.91,17.73
4720000,66.92,64.58,18.1
4722000,69.21,60.57,15.87
4724000,68.15,60.75,15.97
4726000,66.78,61.7,16.5
4728000,58.93,65.23,18.46
4730000,71.71,59.4,15.22
4732000,64.33,65.5,18.61
4734000,68.04,60.85,16.03
4736000,72.51,60.64,15.91
4738000,57.56,63.5,17.5
4740000,62.23,61.18,16.21
4742000,72.44,65.55,18.64
4744000,71.69,65.64,18.69
4746000,67.21,65.37,18.54
4748000,60.8,65.5,18.61
4750000,59.05,59.74,15.41
4752000,63.14,66.74,19.3
4754000,60.44,62.53,16.96
4756000,55.42,66.31,19.06
4758000,57.56,64.18,17.88
4760000,64.78,60.26,15.7
4762000,69.87,59.59,15.33
4764000,60.55,67.48,19.71
4766000,70.79,59.88,15.49
4768000,65.05,65.01,18.34
4770000,72.4,64.83,18.24
4772000,71.53,67.41,19.67
4774000,71.4,63.19,17.33
4776000,74.07,64.99,18.33
4778000,72.77,65.44,18.58
4780000,70.62,60.96,16.09
4782000,56.75,61.93,16.63
4784000,56.96,59.16,15.09
4786000,57.62,62.92,17.18
4788000,74.77,63.41,17.45
4790000,66.62,59.09,15.05
4792000,63.95,64.13,17.85
4794000,55.18,66.36,19.09
4796000,71.87,66.34,19.08
4798000,65.09,63.7,17.61
4800000,62.01,65.48,18.6
4802000,65.57,65.46,18.59
4804000,70.19,67.23,19.57
4806000,56.79,62.24,16.8
4808000,66.57,63.18,17.32
4810000,58.81,59.59,15.33
4812000,70.76,65.77,18.76
4814000,59.86,62.46,16.92
4816000,61.7,59.67,15.37
4818000,56.64,64.17,17.87
4820000,69.61,60.73,15.96
4822000,71.78,64.72,18.18
4824000,70.64,65.5,18.61
4826000,74.78,67.26,19.59
4828000,58.8,60.08,15.6
4830000,62.43,65.93,18.85
4832000,55.27,66.11,18.95
4834000,62.45,64.2,17.89
4836000,61.1,62.58,16.99
4838000,72.59,63.79,17.66
4840000,65.14,59.32,15.18
4842000,68.22,60.69,15.94
4844000,73.46,67.15,19.53
4846000,74.87,65.75,18.75
4848000,72.29,63.48,17.49
4850000,58.83,64.89,18.27
4852000,73.62,61.16,16.2
4854000,64.56,60.66,15.92
4856000,70.1,63.55,17.53
4858000,64.74,60.55,15.86
4860000,66.55,59.41,15.23
4862000,74.83,60.51,15.84
4864000,69.48,60.8,16.0
4866000,65.43,66.2,19.0
4868000,61.18,59.61,15.34
4870000,71.97,67.24,19.58
4872000,56.55,61.84,16.58
4874000,69.6,67.53,19.74
4876000,63.88,64.24,17.91
4878000,74.17,64.04,17.8
4880000,65.59,61.54,16.41
4882000,60.17,65.37,18.54
4884000,72.29,62.31,16.84
4886000,69.61,61.21,16.23
4888000,71.49,62.38,16.88
4890000,60.04,60.15,15.64
4892000,62.59,61.16,16.2
4894000,66.62,67.21,19.56
4896000,65.36,67.44,19.69
4898000,59.46,64.56,18.09
4900000,61.84,62.33,16.85
4902000,69.08,59.32,15.18
4904000,72.62,62.46,16.92
4906000,70.19,62.49,16.94
4908000,64.12,63.73,17.63
4910000,59.16,66.65,19.25
4912000,58.75,59.59,15.33
4914000,67.19,64.38,17.99
4916000,64.46,59.23,15.13
4918000,63.05,60.01,15.56
4920000,73.7,61.29,16.27
4922000,64.25,65.66,18.7
4924000,66.49,65.26,18.48
4926000,56.56,59.43,15.24
4928000,68.18,65.86,18.81
4930000,58.68,63.68,17.6
4932000,62.68,65.98,18.88
4934000,55.26,60.39,15.77
4936000,69.27,67.98,19.99
4938000,57.01,60.98,16.1
4940000,72.33,60.73,15.96
4942000,55.48,64.49,18.05
4944000,74.0,61.16,16.2
4946000,73.67,59.88,15.49
4948000,57.73,66.7,19.28
4950000,70.85,64.08,17.82
4952000,72.37,65.1,18.39
4954000,74.18,61.41,16.34
4956000,68.39,66.74,19.3
4958000,69.08,64.85,18.25
4960000,68.63,61.12,16.18
4962000,56.73,60.31,15.73
4964000,59.92,66.74,19.3
4966000,56.79,59.9,15.5
4968000,67.96,64.18,17.88
4970000,65.02,67.35,19.64
4972000,65.01,61.59,16.44
4974000,65.8,61.75,16.53
4976000,72.79,67.89,19.94
4978000,70.36,60.15,15.64
4980000,68.94,67.44,19.69
4982000,68.16,63.64,17.58
4984000,65.93,64.33,17.96
4986000,57.53,61.14,16.19
4988000,62.44,66.4,19.11
4990000,61.54,67.41,19.67
4992000,63.62,67.78,19.88
4994000,60.95,61.56,16.42
4996000,71.55,67.93,19.96
4998000,65.83,64.36,17.98
5000000,74.41,60.42,15.79
5002000,61.37,66.06,18.92
5004000,58.94,61.34,16.3
5006000,59.77,62.33,16.85
5008000,68.42,67.96,19.98
5010000,61.99,64.53,18.07
5012000,66.82,61.07,16.15
5014000,72.04,66.02,18.9
5016000,66.5,61.79,16.55
5018000,57.32,67.44,19.69
5020000,65.32,62.31,16.84
5022000,62.83,67.73,19.85
5024000,66.52,67.68,19.82
5026000,66.24,61.47,16.37
5028000,64.57,66.6,19.22
5030000,74.92,64.47,18.04
5032000,56.46,64.89,18.27
5034000,58.8,61.99,16.66
5036000,58.46,59.74,15.41
5038000,61.3,64.45,18.03
5040000,55.2,65.01,18.34
5042000,58.25,66.96,19.42
5044000,69.28,59.95,15.53
5046000,63.19,62.4,16.89
5048000,63.3,65.08,18.38
5050000,74.12,66.76,19.31
5052000,68.37,59.07,15.04
5054000,69.17,59.94,15.52
5056000,71.56,64.47,18.04
5058000,58.72,64.72,18.18
5060000,59.58,59.72,15.4
5062000,71.35,66.72,19.29
5064000,67.92,60.19,15.66
5066000,71.33,64.87,18.26
5068000,56.85,63.21,17.34
5070000,58.79,67.77,19.87
5072000,60.83,62.46,16.92
5074000,71.77,60.33,15.74
5076000,64.15,67.17,19.54
5078000,63.09,63.01,17.23
5080000,63.01,64.06,17.81
5082000,55.23,67.06,19.48
5084000,67.45,67.95,19.97
5086000,69.35,61.45,16.36
5088000,72.18,63.37,17.43
5090000,59.55,61.39,16.33
5092000,57.65,64.63,18.13
5094000,64.52,64.51,18.06
5096000,69.33,63.93,17.74
5098000,57.3,65.53,18.63
5100000,70.14,65.52,18.62
5102000,59.02,59.47,15.26
5104000,68.61,66.61,19.23
5106000,66.5,67.6,19.78
5108000,63.16,60.13,15.63
5110000,67.7,66.0,18.89
5112000,56.67,67.28,19.6
5114000,60.99,59.09,15.05
5116000,62.1,64.29,17.94
5118000,60.62,67.37,19.65
5120000,71.74,66.96,19.42
5122000,61.82,66.38,19.1
5124000,62.92,62.04,16.69
5126000,63.88,59.09,15.05
5128000,66.36,61.38,16.32
5130000,73.22,62.69,17.05
5132000,55.44,63.32,17.4
5134000,60.78,66.16,18.98
5136000,56.52,66.47,19.15
5138000,61.52,59.38,15.21
5140000,64.7,61.18,16.21
5142000,59.63,64.89,18.27
5144000,61.81,63.43,17.46
5146000,70.32,63.46,17.48
5148000,74.82,60.28,15.71
5150000,56.15,66.0,18.89
5152000,65.69,59.5,15.28
5154000,63.01,64.6,18.11
5156000,71.53,63.46,17.48
5158000,68.34,66.31,19.06
5160000,59.75,62.2,16.78
5162000,73.43,63.14,17.3
5164000,70.65,61.57,16.43
5166000,71.01,65.16,18.42
5168000,55.1,63.03,17.24
5170000,74.93,62.04,16.69
5172000,63.13,66.88,19.38
5174000,63.01,60.21,15.67
5176000,61.75,64.38,17.99
5178000,61.14,63.72,17.62
5180000,67.72,60.48,15.82
5182000,71.54,59.45,15.25
5184000,68.04,60.51,15.84
5186000,72.34,61.88,16.6
5188000,72.71,59.81,15.45
5190000,72.94,67.66,19.81
5192000,56.09,67.87,19.93
5194000,61.81,60.06,15.59
5196000,59.9,59.54,15.3
5198000,63.3,61.54,16.41
5200000,74.92,60.91,16.06
5202000,74.06,65.3,18.5
5204000,64.21,65.79,18.77
5206000,69.39,63.21,17.34
5208000,60.48,59.22,15.12
5210000,59.46,64.06,17.81
5212000,58.46,67.82,19.9
5214000,62.11,61.7,16.5
5216000,67.26,60.31,15.73
5218000,68.74,60.37,15.76
5220000,55.99,61.83,16.57
5222000,61.77,67.19,19.55
5224000,72.99,61.45,16.36
5226000,73.62,60.42,15.79
5228000,60.26,63.57,17.54
5230000,60.69,66.72,19.29
5232000,73.26,60.73,15.96
5234000,60.72,61.43,16.35
5236000,73.87,62.11,16.73
5238000,64.02,62.62,17.01
5240000,69.02,63.88,17.71
5242000,62.29,67.05,19.47
5244000,58.46,67.24,19.58
5246000,60.0,66.88,19.38
5248000,66.06,65.3,18.5
5250000,55.6,65.03,18.35
5252000,68.11,60.12,15.62
5254000,68.96,60.91,16.06
5256000,73.64,67.68,19.82
5258000,60.41,63.09,17.27
5260000,70.27,66.56,19.2
5262000,72.07,60.73,15.96
5264000,72.75,60.21,15.67
5266000,55.95,64.26,17.92
5268000,58.35,59.23,15.13
5270000,62.0,62.04,16.69
5272000,68.33,61.32,16.29
5274000,68.74,60.78,15.99
5276000,59.58,62.35,16.86
5278000,65.16,62.98,17.21
5280000,66.02,62.67,17.04
5282000,56.64,67.84,19.91
5284000,74.31,61.66,16.48
5286000,72.45,59.07,15.04
5288000,64.54,65.57,18.65
5290000,56.84,61.59,16.44
5292000,69.94,61.61,16.45
5294000,68.0,62.69,17.05
5296000,64.16,61.81,16.56
5298000,65.04,63.84,17.69
5300000,59.09,62.53,16.96
5302000,72.71,65.88,18.82
5304000,73.74,60.24,15.69
5306000,63.2,63.81,17.67
5308000,74.51,62.8,17.11
5310000,57.69,61.18,16.21
5312000,66.34,67.14,19.52
5314000,58.82,64.71,18.17
5316000,71.63,62.08,16.71
5318000,70.48,62.31,16.84
5320000,72.32,60.39,15.77
5322000,67.0,64.06,17.81
5324000,72.8,60.57,15.87
5326000,67.63,64.83,18.24
5328000,59.58,61.59,16.44
5330000,74.5,67.6,19.78
5332000,58.72,64.9,18.28
5334000,59.86,62.37,16.87
5336000,73.36,60.91,16.06
5338000,73.28,62.01,16.67
5340000,57.85,63.48,17.49
5342000,63.53,64.29,17.94
5344000,68.13,59.13,15.07
5346000,62.74,61.65,16.47
5348000,66.4,63.46,17.48
5350000,66.55,65.34,18.52
5352000,72.16,67.8,19.89
5354000,64.55,66.74,19.3
5356000,55.26,64.99,18.33
5358000,67.64,63.5,17.5
5360000,64.67,67.96,19.98
5362000,56.81,59.95,15.53
5364000,66.18,63.59,17.55
5366000,55.92,60.93,16.07
5368000,71.89,65.07,18.37
5370000,68.01,66.43,19.13
5372000,74.43,61.03,16.13
5374000,72.19,59.31,15.17
5376000,74.4,59.52,15.29
5378000,57.51,59.25,15.14
5380000,67.13,59.56,15.31
5382000,69.34,61.02,16.12
5384000,64.77,61.9,16.61
5386000,68.91,59.16,15.09
5388000,56.16,61.7,16.5
5390000,64.35,64.62,18.12
5392000,74.33,60.93,16.07
5394000,56.88,61.74,16.52
5396000,72.51,60.91,16.06
5398000,59.95,60.62,15.9
5400000,58.98,66.92,19.4
5402000,71.81,64.69,18.16
5404000,63.51,66.15,18.97
5406000,61.5,65.93,18.85
5408000,71.55,65.32,18.51
5410000,62.6,62.06,16.7
5412000,57.02,60.33,15.74
5414000,65.55,64.67,18.15
5416000,63.08,63.01,17.23
5418000,56.28,61.3,16.28
5420000,69.53,62.01,16.67
5422000,67.08,64.09,17.83
5424000,69.62,60.12,15.62
5426000,74.66,66.6,19.22
5428000,60.86,66.04,18.91
5430000,65.87,65.26,18.48
5432000,67.67,62.85,17.14
5434000,64.63,64.18,17.88
5436000,61.99,60.1,15.61
5438000,74.32,63.91,17.73
5440000,59.51,60.24,15.69
5442000,55.45,61.05,16.14
5444000,71.65,65.12,18.4
5446000,57.42,62.69,17.05
5448000,62.98,66.58,19.21
5450000,73.89,66.7,19.28
5452000,58.07,65.46,18.59
5454000,65.54,59.04,15.02
5456000,70.12,65.98,18.88
5458000,65.62,63.34,17.41
5460000,72.54,66.78,19.32
5462000,71.5,65.23,18.46
5464000,64.87,62.44,16.91
5466000,64.45,62.76,17.09
5468000,74.57,61.07,16.15
5470000,57.56,59.65,15.36
5472000,61.87,65.8,18.78
5474000,64.9,62.87,17.15
5476000,56.42,62.26,16.81
5478000,63.15,66.27,19.04
5480000,67.43,62.91,17.17
5482000,66.21,61.52,16.4
5484000,69.38,61.14,16.19
5486000,62.5,66.0,18.89
5488000,55.74,65.3,18.5
5490000,64.51,66.67,19.26
5492000,62.3,65.08,18.38
5494000,71.0,59.47,15.26
5496000,71.29,64.15,17.86
5498000,73.63,59.65,15.36
5500000,65.19,64.85,18.25
5502000,59.2,61.3,16.28
5504000,70.66,66.6,19.22
5506000,59.6,60.06,15.59
5508000,63.71,59.36,15.2
5510000,69.3,59.95,15.53
5512000,74.84,64.76,18.2
5514000,61.2,62.98,17.21
5516000,56.48,66.24,19.02
5518000,56.17,60.04,15.58
5520000,58.51,61.65,16.47
5522000,73.52,67.35,19.64
5524000,71.63,63.77,17.65
5526000,62.67,61.45,16.36
5528000,63.35,67.86,19.92
5530000,64.18,64.78,18.21
5532000,61.8,66.96,19.42
5534000,60.47,67.39,19.66
5536000,66.53,62.49,16.94
5538000,73.8,63.68,17.6
5540000,61.27,62.58,16.99
5542000,70.58,61.38,16.32
5544000,63.95,63.82,17.68
5546000,61.45,60.58,15.88
5548000,56.57,60.46,15.81
5550000,73.57,61.81,16.56
5552000,65.17,61.88,16.6
5554000,55.95,61.2,16.22
5556000,62.84,67.44,19.69
5558000,69.55,66.34,19.08
5560000,56.49,60.35,15.75
5562000,74.23,60.84,16.02
5564000,64.39,61.9,16.61
5566000,70.47,61.36,16.31
5568000,64.9,66.31,19.06
5570000,61.85,65.89,18.83
5572000,72.33,62.53,16.96
5574000,61.31,66.88,19.38
5576000,71.64,67.78,19.88
5578000,57.89,60.28,15.71
5580000,65.23,65.25,18.47
5582000,59.74,64.85,18.25
5584000,63.32,61.84,16.58
5586000,67.83,66.65,19.25
5588000,74.43,66.52,19.18
5590000,71.59,67.21,19.56
5592000,59.95,63.09,17.27
5594000,70.81,61.39,16.33
5596000,64.97,61.0,16.11
5598000,56.72,59.32,15.18
5600000,68.44,60.48,15.82
5602000,61.21,62.42,16.9
5604000,71.12,61.63,16.46
5606000,56.47,62.55,16.97
5608000,61.2,65.8,18.78
5610000,67.4,64.65,18.14
5612000,70.37,65.57,18.65
5614000,70.08,61.97,16.65
5616000,71.94,62.49,16.94
5618000,74.34,65.7,18.72
5620000,64.37,67.98,19.99
5622000,68.6,61.2,16.22
5624000,64.15,63.09,17.27
5626000,73.81,61.09,16.16
5628000,62.79,66.34,19.08
5630000,64.26,61.3,16.28
5632000,61.54,61.79,16.55
5634000,67.17,60.66,15.92
5636000,61.39,62.4,16.89
5638000,61.62,67.14,19.52
5640000,63.39,62.87,17.15
5642000,70.57,62.91,17.17
5644000,56.28,61.05,16.14
5646000,73.5,66.13,18.96
5648000,63.85,67.53,19.74
5650000,70.63,62.6,17.0
5652000,70.16,64.24,17.91
5654000,57.12,59.88,15.49
5656000,67.05,64.81,18.23
5658000,59.83,64.6,18.11
5660000,73.47,61.79,16.55
5662000,66.36,64.04,17.8
5664000,64.23,65.7,18.72
5666000,64.01,64.47,18.04
5668000,56.24,60.31,15.73
5670000,63.52,61.36,16.31
5672000,67.5,61.88,16.6
5674000,74.69,59.16,15.09
5676000,70.03,62.76,17.09
5678000,69.78,64.54,18.08
5680000,64.28,63.39,17.44
5682000,56.01,60.12,15.62
5684000,58.34,65.05,18.36
5686000,57.82,61.03,16.13
5688000,63.06,66.42,19.12
5690000,59.21,59.77,15.43
5692000,72.19,64.92,18.29
5694000,74.29,62.6,17.0
5696000,66.28,60.15,15.64
5698000,72.57,59.25,15.14
5700000,59.11,59.72,15.4
5702000,61.91,61.74,16.52
5704000,65.03,64.71,18.17
5706000,66.71,63.73,17.63
5708000,58.88,62.08,16.71
5710000,73.95,62.28,16.82
5712000,64.7,65.68,18.71
5714000,64.93,61.79,16.55
5716000,65.22,62.04,16.69
5718000,67.54,59.72,15.4
5720000,60.81,67.32,19.62
5722000,67.43,60.85,16.03
5724000,68.51,65.12,18.4
5726000,72.83,67.3,19.61
5728000,73.41,59.7,15.39
5730000,74.0,66.24,19.02
5732000,70.05,65.82,18.79
5734000,73.51,62.33,16.85
5736000,70.01,66.15,18.97
5738000,56.99,62.62,17.01
5740000,63.55,64.76,18.2
5742000,71.21,59.54,15.3
5744000,56.75,61.5,16.39
5746000,71.24,59.86,15.48
5748000,67.96,67.93,19.96
5750000,64.21,64.0,17.78
5752000,70.82,66.45,19.14
5754000,62.7,60.6,15.89
5756000,68.91,67.69,19.83
5758000,73.74,64.63,18.13
5760000,60.34,59.07,15.04
5762000,55.55,60.85,16.03
5764000,58.59,61.25,16.25
5766000,61.48,63.09,17.27
5768000,62.05,67.41,19.67
5770000,68.07,59.58,15.32
5772000,63.14,60.85,16.03
5774000,74.79,66.58,19.21
5776000,72.96,62.96,17.2
5778000,55.7,66.2,19.0
5780000,61.53,66.25,19.03
5782000,56.67,61.74,16.52
5784000,56.77,64.69,18.16
5786000,74.44,59.13,15.07
5788000,74.24,60.67,15.93
5790000,67.79,59.65,15.36
5792000,60.04,59.23,15.13
5794000,73.07,59.97,15.54
5796000,68.38,61.45,16.36
5798000,59.83,59.04,15.02
5800000,67.82,67.1,19.5
5802000,74.9,61.05,16.14
5804000,72.5,59.83,15.46
5806000,57.44,67.19,19.55
5808000,73.58,67.44,19.69
5810000,65.0,65.52,18.62
5812000,74.14,67.53,19.74
5814000,70.51,60.66,15.92
5816000,68.43,59.09,15.05
5818000,71.7,64.92,18.29
5820000,65.65,66.13,18.96
5822000,71.56,64.04,17.8
5824000,69.21,67.75,19.86
5826000,68.22,61.39,16.33
5828000,73.47,66.83,19.35
5830000,67.87,60.96,16.09
5832000,59.32,66.34,19.08
5834000,55.42,63.88,17.71
5836000,61.17,64.74,18.19
5838000,72.72,65.91,18.84
5840000,63.14,66.42,19.12
5842000,67.78,59.83,15.46
5844000,69.3,60.85,16.03
5846000,66.97,60.85,16.03
5848000,70.78,63.36,17.42
5850000,57.3,61.63,16.46
5852000,60.71,62.22,16.79
5854000,69.24,60.8,16.0
5856000,62.82,63.09,17.27
5858000,57.04,64.08,17.82
5860000,64.61,66.22,19.01
5862000,66.54,60.39,15.77
5864000,71.11,65.62,18.68
5866000,65.83,66.24,19.02
5868000,62.09,61.79,16.55
5870000,68.7,59.32,15.18
5872000,58.85,62.35,16.86
5874000,63.36,59.65,15.36
5876000,59.32,61.7,16.5
5878000,64.98,63.97,17.76
5880000,62.03,64.6,18.11
5882000,66.13,65.52,18.62
5884000,69.6,65.57,18.65
5886000,57.16,67.86,19.92
5888000,71.75,64.02,17.79
5890000,72.8,62.33,16.85
5892000,62.91,66.31,19.06
5894000,67.82,67.28,19.6
5896000,66.99,64.27,17.93
5898000,74.9,61.93,16.63
5900000,62.65,64.47,18.04
5902000,66.45,65.48,18.6
5904000,57.03,60.1,15.61
5906000,56.52,67.51,19.73
5908000,74.32,59.68,15.38
5910000,64.9,60.01,15.56
5912000,65.96,60.28,15.71
5914000,70.34,64.17,17.87
5916000,55.95,61.86,16.59
5918000,57.59,64.96,18.31
5920000,66.24,65.66,18.7
5922000,60.11,65.97,18.87
5924000,72.89,66.99,19.44
5926000,68.76,62.47,16.93
5928000,67.91,67.06,19.48
5930000,67.45,64.31,17.95
5932000,60.16,62.89,17.16
5934000,60.33,62.58,16.99
5936000,68.36,64.26,17.92
5938000,65.07,66.13,18.96
5940000,71.47,59.32,15.18
5942000,56.03,66.0,18.89
5944000,57.91,66.22,19.01
5946000,67.99,66.74,19.3
5948000,58.61,61.41,16.34
5950000,61.95,59.29,15.16
5952000,64.27,63.36,17.42
5954000,73.79,67.77,19.87
5956000,64.64,61.77,16.54
5958000,62.29,62.01,16.67
5960000,57.56,60.35,15.75
5962000,61.17,67.53,19.74
5964000,58.51,59.43,15.24
5966000,69.33,66.2,19.0
5968000,55.98,60.89,16.05
5970000,70.01,59.63,15.35
5972000,64.33,60.69,15.94
5974000,73.26,66.85,19.36
5976000,58.15,62.67,17.04
5978000,57.82,67.26,19.59
5980000,57.05,62.33,16.85
5982000,71.14,60.35,15.75
5984000,71.97,65.03,18.35
5986000,55.95,64.71,18.17
5988000,70.38,65.05,18.36
5990000,69.48,67.46,19.7
5992000,73.88,67.86,19.92
5994000,74.9,67.15,19.53
5996000,69.29,60.71,15.95
5998000,65.92,64.0,17.78
6000000,63.93,64.85,18.25
6002000,74.12,67.86,19.92
6004000,65.09,62.67,17.04
6006000,74.8,64.92,18.29
6008000,62.38,64.31,17.95
6010000,72.51,64.51,18.06
6012000,64.26,59.94,15.52
6014000,55.63,59.86,15.48
6016000,60.18,67.71,19.84
6018000,58.58,61.02,16.12
6020000,57.15,67.32,19.62
6022000,60.83,64.81,18.23
6024000,59.24,60.66,15.92
6026000,57.85,67.93,19.96
6028000,69.79,67.35,19.64
6030000,56.02,65.77,18.76
6032000,64.69,65.97,18.87
6034000,61.62,60.35,15.75
6036000,60.82,62.87,17.15
6038000,71.61,67.71,19.84
6040000,61.43,64.72,18.18
6042000,73.35,63.64,17.58
6044000,65.3,62.26,16.81
6046000,74.46,62.08,16.71
6048000,57.41,63.73,17.63
6050000,64.09,66.52,19.18
6052000,69.99,64.72,18.18
6054000,72.04,65.07,18.37
6056000,58.19,63.75,17.64
6058000,67.12,62.28,16.82
6060000,58.21,61.07,16.15
6062000,64.83,60.57,15.87
6064000,61.07,59.09,15.05
6066000,65.04,59.65,15.36
6068000,71.83,65.61,18.67
6070000,69.79,61.56,16.42
6072000,63.2,61.68,16.49
6074000,73.87,65.34,18.52
6076000,61.37,67.69,19.83
6078000,61.45,59.59,15.33
6080000,73.25,60.19,15.66
6082000,62.92,63.91,17.73
6084000,60.01,67.53,19.74
6086000,70.8,61.56,16.42
6088000,58.9,67.59,19.77
6090000,70.65,63.05,17.25
6092000,62.86,67.41,19.67
6094000,74.91,67.37,19.65
6096000,69.63,61.65,16.47
6098000,57.71,64.02,17.79
6100000,64.26,60.15,15.64
6102000,70.18,65.12,18.4
6104000,74.06,65.57,18.65
6106000,58.87,64.85,18.25
6108000,62.46,62.38,16.88
6110000,64.2,61.21,16.23
6112000,56.13,64.29,17.94
6114000,69.28,61.74,16.52
6116000,64.54,60.26,15.7
6118000,63.2,64.36,17.98
6120000,65.81,62.55,16.97
6122000,66.29,66.25,19.03
6124000,60.97,64.51,18.06
6126000,69.71,62.51,16.95
6128000,57.13,63.3,17.39
6130000,65.33,66.31,19.06
6132000,59.41,64.62,18.12
6134000,74.36,63.32,17.4
6136000,69.9,59.49,15.27
6138000,55.35,61.9,16.61
6140000,68.95,64.62,18.12
6142000,66.84,59.83,15.46
6144000,74.65,63.46,17.48
6146000,69.17,62.82,17.12
6148000,59.42,67.48,19.71
6150000,68.15,64.06,17.81
6152000,63.1,62.94,17.19
6154000,56.6,63.95,17.75
6156000,72.86,62.02,16.68
6158000,55.71,61.84,16.58
6160000,66.59,61.65,16.47
6162000,63.43,67.87,19.93
6164000,55.11,65.77,18.76
6166000,64.34,65.19,18.44
6168000,59.55,66.47,19.15
6170000,59.66,59.45,15.25
6172000,66.91,61.32,16.29
6174000,60.39,63.21,17.34
6176000,72.17,59.88,15.49
6178000,57.88,59.43,15.24
6180000,59.37,63.63,17.57
6182000,64.07,61.65,16.47
6184000,63.1,61.79,16.55
6186000,68.61,67.35,19.64
6188000,68.42,62.62,17.01
6190000,58.97,63.0,17.22
6192000,73.69,65.5,18.61
6194000,60.27,61.75,16.53
6196000,62.78,67.84,19.91
6198000,60.87,64.24,17.91
6200000,72.89,60.21,15.67
6202000,61.32,62.26,16.81
6204000,72.91,62.78,17.1
6206000,61.96,60.64,15.91
6208000,72.47,65.64,18.69
6210000,61.36,59.27,15.15
6212000,62.9,63.81,17.67
6214000,73.82,64.67,18.15
6216000,69.33,67.1,19.5
6218000,61.46,63.28,17.38
6220000,55.6,60.98,16.1
6222000,61.72,59.22,15.12
6224000,55.4,64.89,18.27
6226000,69.06,63.77,17.65
6228000,70.03,65.71,18.73
6230000,74.49,62.46,16.92
6232000,67.71,60.12,15.62
6234000,69.33,67.68,19.82
6236000,69.63,61.16,16.2
6238000,59.62,66.11,18.95
6240000,68.05,65.34,18.52
6242000,72.33,66.76,19.31
6244000,71.31,64.26,17.92
6246000,56.03,65.43,18.57
6248000,68.13,59.41,15.23
6250000,74.99,64.06,17.81
6252000,60.44,62.55,16.97
6254000,71.83,66.31,19.06
6256000,72.41,67.03,19.46
6258000,56.41,65.73,18.74
6260000,70.45,66.09,18.94
6262000,64.08,61.54,16.41
6264000,74.7,66.63,19.24
6266000,73.68,60.62,15.9
6268000,72.56,61.95,16.64
6270000,66.06,61.11,16.17
6272000,71.21,67.53,19.74
6274000,74.17,64.42,18.01
6276000,63.06,65.84,18.8
6278000,61.59,61.5,16.39
6280000,71.71,64.63,18.13
6282000,55.79,67.32,19.62
6284000,74.0,67.23,19.57
6286000,73.17,67.69,19.83
6288000,65.65,63.82,17.68
6290000,70.99,61.63,16.46
6292000,58.31,59.99,15.55
6294000,72.15,65.3,18.5
6296000,64.66,60.75,15.97
6298000,55.77,60.51,15.84
6300000,68.89,64.51,18.06
6302000,73.24,60.8,16.0
6304000,72.46,60.84,16.02
6306000,70.23,66.65,19.25
6308000,58.12,67.68,19.82
6310000,64.54,65.32,18.51
6312000,70.82,64.74,18.19
6314000,59.65,66.02,18.9
6316000,57.33,60.37,15.76
6318000,61.52,62.91,17.17
6320000,57.38,61.23,16.24
6322000,59.63,65.53,18.63
6324000,68.16,59.63,15.35
6326000,74.72,67.17,19.54
6328000,67.25,62.56,16.98
6330000,65.23,67.87,19.93
6332000,63.34,61.02,16.12
6334000,67.11,66.49,19.16
6336000,71.95,65.91,18.84
6338000,70.17,62.17,16.76
6340000,59.73,63.54,17.52
6342000,67.29,65.77,18.76
6344000,63.28,64.2,17.89
6346000,56.27,61.39,16.33
6348000,57.46,65.08,18.38
6350000,62.44,67.91,19.95
6352000,61.9,63.68,17.6
6354000,66.11,59.41,15.23
6356000,68.35,65.32,18.51
6358000,55.49,61.93,16.63
6360000,73.46,64.69,18.16
6362000,68.96,59.99,15.55
6364000,61.61,64.76,18.2
6366000,68.44,65.98,18.88
6368000,66.3,61.34,16.3
6370000,74.35,66.09,18.94
6372000,62.65,66.54,19.19
6374000,56.42,63.93,17.74
6376000,61.86,59.14,15.08
6378000,56.2,59.43,15.24
6380000,60.59,59.59,15.33
6382000,55.97,61.36,16.31
6384000,55.36,67.15,19.53
6386000,64.6,62.69,17.05
6388000,72.59,67.71,19.84
6390000,74.44,59.07,15.04
6392000,57.74,67.19,19.55
6394000,66.85,67.84,19.91
6396000,59.02,62.1,16.72
6398000,71.69,65.23,18.46
6400000,59.85,59.27,15.15
6402000,67.3,67.32,19.62
6404000,68.58,62.94,17.19
6406000,74.13,59.85,15.47
6408000,63.13,63.61,17.56
6410000,61.79,63.41,17.45
6412000,57.48,63.95,17.75
6414000,59.19,59.58,15.32
6416000,68.87,61.81,16.56
6418000,64.7,65.79,18.77
6420000,74.25,64.44,18.02
6422000,64.88,66.07,18.93
6424000,57.68,59.4,15.22
6426000,68.61,59.27,15.15
6428000,57.25,64.38,17.99
6430000,70.19,64.31,17.95
6432000,72.05,62.76,17.09
6434000,59.28,66.51,19.17
6436000,56.96,64.31,17.95
6438000,60.91,67.64,19.8
6440000,62.98,64.47,18.04
6442000,74.55,64.29,17.94
6444000,61.82,65.75,18.75
6446000,64.33,65.98,18.88
6448000,66.77,67.24,19.58
6450000,55.81,62.42,16.9
6452000,69.52,64.29,17.94
6454000,66.26,60.53,15.85
6456000,67.9,59.7,15.39
6458000,63.67,60.3,15.72
6460000,71.84,65.23,18.46
6462000,57.88,59.52,15.29
6464000,64.26,66.34,19.08
6466000,64.66,61.59,16.44
6468000,67.52,66.25,19.03
6470000,57.47,63.12,17.29
6472000,59.0,67.39,19.66
6474000,57.98,67.46,19.7
6476000,59.75,66.7,19.28
6478000,70.95,66.97,19.43
6480000,67.05,62.44,16.91
6482000,61.77,66.36,19.09
6484000,59.32,62.69,17.05
6486000,56.31,61.14,16.19
6488000,74.23,59.14,15.08
6490000,62.21,67.46,19.7
6492000,69.52,62.85,17.14
6494000,74.89,63.46,17.48
6496000,68.02,64.08,17.82
6498000,65.88,67.84,19.91
6500000,69.89,60.93,16.07
6502000,74.39,64.47,18.04
6504000,56.19,65.41,18.56
6506000,61.47,64.71,18.17
6508000,67.2,59.92,15.51
6510000,69.66,65.82,18.79
6512000,56.26,59.5,15.28
6514000,70.03,64.15,17.86
6516000,62.93,64.6,18.11
6518000,65.32,63.99,17.77
6520000,72.39,62.53,16.96
6522000,58.43,66.79,19.33
6524000,55.99,63.84,17.69
6526000,57.94,65.86,18.81
6528000,70.0,59.52,15.29
6530000,68.97,64.27,17.93
6532000,71.86,66.04,18.91
6534000,67.01,65.77,18.76
6536000,70.15,66.22,19.01
6538000,61.26,62.08,16.71
6540000,57.69,62.51,16.95
6542000,61.05,61.39,16.33
6544000,66.07,61.3,16.28
6546000,63.07,67.48,19.71
6548000,72.14,64.71,18.17
6550000,70.5,64.87,18.26
6552000,60.93,61.45,16.36
6554000,61.1,63.68,17.6
6556000,72.34,60.06,15.59
6558000,59.34,67.01,19.45
6560000,57.22,59.22,15.12
6562000,57.17,64.99,18.33
6564000,64.9,62.24,16.8
6566000,62.56,67.06,19.48
6568000,59.45,60.33,15.74
6570000,74.45,64.92,18.29
6572000,62.15,61.25,16.25
6574000,71.22,63.39,17.44
6576000,57.98,64.45,18.03
6578000,67.67,63.95,17.75
6580000,68.63,65.01,18.34
6582000,69.62,60.31,15.73
6584000,74.26,67.23,19.57
6586000,67.14,66.7,19.28
6588000,67.96,59.18,15.1
6590000,63.38,63.19,17.33
6592000,72.35,61.03,16.13
6594000,73.2,66.29,19.05
6596000,56.48,67.01,19.45
6598000,74.12,61.23,16.24
6600000,58.93,60.26,15.7
6602000,65.13,67.84,19.91
6604000,58.79,63.0,17.22
6606000,64.89,62.51,16.95
6608000,65.85,61.81,16.56
6610000,59.03,66.49,19.16
6612000,56.34,67.82,19.9
6614000,57.46,60.04,15.58
6616000,65.62,59.49,15.27
6618000,60.53,63.48,17.49
6620000,71.14,64.24,17.91
6622000,70.23,63.72,17.62
6624000,57.29,66.97,19.43
6626000,69.27,63.81,17.67
6628000,65.07,59.29,15.16
6630000,73.59,59.02,15.01
6632000,64.02,67.33,19.63
6634000,56.42,65.79,18.77
6636000,57.31,65.7,18.72
6638000,62.96,66.11,18.95
6640000,69.19,63.18,17.32
6642000,68.45,67.32,19.62
6644000,70.84,62.4,16.89
6646000,74.6,66.76,19.31
6648000,57.39,62.73,17.07
6650000,61.66,61.07,16.15
6652000,60.73,65.77,18.76
6654000,71.95,59.86,15.48
6656000,66.91,62.62,17.01
6658000,67.21,59.85,15.47
6660000,55.31,60.82,16.01
6662000,64.4,61.14,16.19
6664000,63.03,59.07,15.04
6666000,69.96,67.75,19.86
6668000,59.98,66.67,19.26
6670000,69.4,67.01,19.45
6672000,59.02,61.84,16.58
6674000,57.62,61.92,16.62
6676000,57.26,64.89,18.27
6678000,58.88,60.49,15.83
6680000,59.57,59.61,15.34
6682000,59.08,60.01,15.56
6684000,58.73,61.07,16.15
6686000,65.04,62.82,17.12
6688000,56.76,65.79,18.77
6690000,58.96,66.88,19.38
6692000,59.05,66.72,19.29
6694000,68.03,62.28,16.82
6696000,67.88,67.95,19.97
6698000,72.41,61.47,16.37
6700000,68.03,67.26,19.59
6702000,74.16,62.53,16.96
6704000,67.04,60.19,15.66
6706000,63.15,63.23,17.35
6708000,59.06,60.51,15.84
6710000,73.55,60.01,15.56
6712000,68.91,59.16,15.09
6714000,65.21,61.54,16.41
6716000,65.83,64.24,17.91
6718000,64.99,63.07,17.26
6720000,68.88,60.73,15.96
6722000,61.8,65.39,18.55
6724000,69.18,60.6,15.89
6726000,70.45,60.62,15.9
6728000,69.28,59.88,15.49
6730000,69.8,64.99,18.33
6732000,70.32,61.56,16.42
6734000,73.99,64.98,18.32
6736000,57.34,64.47,18.04
6738000,71.8,63.84,17.69
6740000,70.37,67.03,19.46
6742000,62.42,64.98,18.32
6744000,55.32,63.32,17.4
6746000,72.9,59.92,15.51
6748000,60.22,67.06,19.48
6750000,61.85,59.92,15.51
6752000,58.71,63.75,17.64
6754000,58.48,65.88,18.82
6756000,67.38,67.06,19.48
6758000,69.16,61.2,16.22
6760000,71.9,60.28,15.71
6762000,67.5,62.92,17.18
6764000,59.36,66.72,19.29
6766000,59.29,65.37,18.54
6768000,62.02,67.24,19.58
6770000,72.83,59.2,15.11
6772000,64.75,65.93,18.85
6774000,71.01,61.48,16.38
6776000,55.31,64.04,17.8
6778000,65.32,63.19,17.33
6780000,67.72,62.11,16.73
6782000,60.85,65.75,18.75
6784000,73.8,62.76,17.09
6786000,70.92,59.88,15.49
6788000,74.32,67.8,19.89
6790000,74.6,66.18,18.99
6792000,68.57,62.76,17.09
6794000,72.23,63.23,17.35
6796000,68.86,62.82,17.12
6798000,68.6,61.83,16.57
6800000,71.97,65.8,18.78
6802000,56.82,59.22,15.12
6804000,56.4,66.15,18.97
6806000,65.36,59.74,15.41
6808000,62.76,59.83,15.46
6810000,59.09,66.31,19.06
6812000,70.16,67.71,19.84
6814000,70.81,63.99,17.77
6816000,60.77,59.29,15.16
6818000,57.81,64.38,17.99
6820000,63.58,66.52,19.18
6822000,61.72,67.23,19.57
6824000,69.36,60.76,15.98
6826000,62.47,60.42,15.79
6828000,59.57,59.68,15.38
6830000,67.35,65.43,18.57
6832000,61.92,64.51,18.06
6834000,72.45,67.46,19.7
6836000,70.48,64.29,17.94
6838000,63.38,59.09,15.05
6840000,73.47,62.55,16.97
6842000,58.4,63.01,17.23
6844000,60.53,62.56,16.98
6846000,55.78,62.58,16.99
6848000,72.99,62.87,17.15
6850000,71.05,66.74,19.3
6852000,59.11,64.38,17.99
6854000,57.46,67.84,19.91
6856000,73.31,67.05,19.47
6858000,70.48,59.54,15.3
6860000,70.91,66.34,19.08
6862000,61.85,60.8,16.0
6864000,66.44,62.26,16.81
6866000,55.01,64.06,17.81
6868000,73.15,66.06,18.92
6870000,59.71,61.36,16.31
6872000,67.51,64.13,17.85
6874000,62.35,60.08,15.6
6876000,73.43,59.56,15.31
6878000,67.23,60.13,15.63
6880000,64.44,59.74,15.41
6882000,63.38,63.54,17.52
6884000,62.02,63.37,17.43
6886000,56.77,63.55,17.53
6888000,73.81,62.24,16.8
6890000,70.26,59.76,15.42
6892000,62.74,62.17,16.76
6894000,57.6,65.28,18.49
6896000,60.96,63.79,17.66
6898000,72.1,59.83,15.46
6900000,58.87,60.04,15.58
6902000,62.16,59.63,15.35
6904000,73.34,59.99,15.55
6906000,63.86,67.05,19.47
6908000,67.87,61.29,16.27
6910000,63.34,61.36,16.31
6912000,55.19,60.1,15.61
6914000,72.02,59.41,15.23
6916000,64.03,61.39,16.33
6918000,61.26,64.83,18.24
6920000,71.21,59.47,15.26
6922000,73.04,65.39,18.55
6924000,56.04,62.69,17.05
6926000,69.45,66.06,18.92
6928000,56.9,61.43,16.35
6930000,70.26,65.16,18.42
6932000,57.26,63.75,17.64
6934000,66.52,62.02,16.68
6936000,58.72,63.48,17.49
6938000,71.36,67.01,19.45
6940000,72.44,63.21,17.34
6942000,73.02,64.74,18.19
6944000,72.22,60.53,15.85
6946000,55.56,63.27,17.37
6948000,56.73,64.2,17.89
6950000,68.16,66.29,19.05
6952000,65.39,60.82,16.01
6954000,57.07,66.78,19.32
6956000,64.42,61.68,16.49
6958000,63.45,65.71,18.73
6960000,71.18,60.6,15.89
6962000,65.23,64.53,18.07
6964000,66.1,61.02,16.12
6966000,55.1,59.74,15.41
6968000,69.0,65.61,18.67
6970000,66.72,59.4,15.22
6972000,62.7,64.63,18.13
6974000,65.62,61.5,16.39
6976000,65.26,64.87,18.26
6978000,58.32,67.19,19.55
6980000,66.96,66.29,19.05
6982000,73.75,62.26,16.81
6984000,62.59,63.97,17.76
6986000,66.58,61.79,16.55
6988000,62.31,59.11,15.06
6990000,66.24,62.78,17.1
6992000,62.49,64.85,18.25
6994000,57.74,62.51,16.95
6996000,68.97,64.33,17.96
6998000,71.91,61.88,16.6
7000000,70.47,67.24,19.58
7002000,69.94,67.62,19.79
7004000,73.21,67.95,19.97
7006000,72.14,66.43,19.13
7008000,71.61,64.51,18.06
7010000,61.36,60.71,15.95
7012000,73.45,65.34,18.52
7014000,73.08,63.01,17.23
7016000,60.43,61.05,16.14
7018000,67.6,63.12,17.29
7020000,68.03,62.94,17.19
7022000,74.7,60.85,16.03
7024000,72.83,65.75,18.75
7026000,71.88,61.93,16.63
7028000,65.52,65.44,18.58
7030000,56.43,64.4,18.0
7032000,60.16,66.04,18.91
7034000,64.13,67.89,19.94
7036000,70.09,66.58,19.21
7038000,58.86,63.57,17.54
7040000,66.61,67.68,19.82
7042000,68.64,63.12,17.29
7044000,58.22,59.85,15.47
7046000,57.28,59.99,15.55
7048000,74.74,61.41,16.34
7050000,56.63,59.23,15.13
7052000,55.33,66.54,19.19
7054000,60.67,63.19,17.33
7056000,67.92,66.49,19.16
7058000,66.0,61.7,16.5
7060000,55.36,61.88,16.6
7062000,67.35,60.98,16.1
7064000,61.72,65.05,18.36
7066000,68.18,65.37,18.54
7068000,56.2,62.78,17.1
7070000,72.06,65.68,18.71
7072000,68.05,63.77,17.65
7074000,70.78,63.12,17.29
7076000,65.3,65.7,18.72
7078000,58.36,59.83,15.46
7080000,71.76,65.82,18.79
7082000,64.09,60.67,15.93
7084000,67.11,65.37,18.54
7086000,60.77,64.67,18.15
7088000,64.05,66.63,19.24
7090000,63.07,59.59,15.33
7092000,71.7,63.77,17.65
7094000,69.47,66.54,19.19
7096000,67.69,66.81,19.34
7098000,70.01,64.92,18.29
7100000,58.08,67.73,19.85
7102000,74.21,64.87,18.26
7104000,67.04,63.16,17.31
7106000,56.67,62.85,17.14
7108000,60.33,67.71,19.84
7110000,66.62,60.44,15.8
7112000,58.29,59.81,15.45
7114000,64.22,65.17,18.43
7116000,69.98,63.59,17.55
7118000,61.3,65.07,18.37
7120000,68.65,60.12,15.62
7122000,59.82,60.85,16.03
7124000,56.94,63.41,17.45
7126000,69.93,67.53,19.74
7128000,67.2,66.34,19.08
7130000,68.49,63.55,17.53
7132000,59.25,63.61,17.56
7134000,62.28,63.05,17.25
7136000,68.22,59.65,15.36
7138000,58.37,60.91,16.06
7140000,67.18,63.54,17.52
7142000,73.29,59.72,15.4
7144000,56.95,59.97,15.54
7146000,68.15,64.81,18.23
7148000,66.74,61.39,16.33
7150000,60.44,60.93,16.07
7152000,55.24,61.43,16.35
7154000,68.73,63.97,17.76
7156000,69.36,63.95,17.75
7158000,59.96,59.67,15.37
7160000,71.66,59.9,15.5
7162000,71.61,67.32,19.62
7164000,67.79,59.09,15.05
7166000,61.75,67.78,19.88
7168000,73.24,60.31,15.73
7170000,69.92,67.73,19.85
7172000,68.58,60.62,15.9
7174000,63.65,64.54,18.08
7176000,62.86,63.36,17.42
7178000,67.93,67.53,19.74
7180000,61.09,66.58,19.21
7182000,74.82,64.29,17.94
7184000,71.6,64.8,18.22
7186000,70.87,67.59,19.77
7188000,68.02,64.56,18.09
7190000,67.11,61.11,16.17
7192000,72.57,63.5,17.5
7194000,74.74,59.27,15.15
7196000,70.31,65.93,18.85
7198000,60.26,65.43,18.57
7200000,74.41,61.9,16.61
7202000,70.02,65.23,18.46
7204000,69.06,59.63,15.35
7206000,73.08,61.29,16.27
7208000,63.78,65.88,18.82
7210000,71.8,64.42,18.01
7212000,59.75,59.77,15.43
7214000,66.2,63.54,17.52
7216000,69.85,66.58,19.21
7218000,56.13,65.7,18.72
7220000,70.88,62.64,17.02
7222000,57.87,60.39,15.77
7224000,68.14,62.1,16.72
7226000,70.05,64.02,17.79
7228000,67.05,62.17,16.76
7230000,64.85,64.47,18.04
7232000,58.87,62.33,16.85
7234000,59.94,60.4,15.78
7236000,63.93,63.28,17.38
7238000,67.98,63.73,17.63
7240000,74.34,65.03,18.35
7242000,73.01,62.6,17.0
7244000,66.97,62.38,16.88
7246000,66.02,59.77,15.43
7248000,62.6,59.99,15.55
7250000,63.43,66.52,19.18
7252000,73.45,65.75,18.75
7254000,72.88,63.93,17.74
7256000,70.67,60.91,16.06
7258000,62.91,61.99,16.66
7260000,55.2,61.84,16.58
7262000,57.09,64.99,18.33
7264000,65.98,59.45,15.25
7266000,69.85,67.33,19.63
7268000,72.78,67.39,19.66
7270000,61.6,60.4,15.78
7272000,66.12,60.85,16.03
7274000,70.86,65.93,18.85
7276000,56.2,67.28,19.6
7278000,70.29,65.95,18.86
7280000,66.1,59.18,15.1
7282000,69.11,65.84,18.8
7284000,60.37,63.93,17.74
7286000,65.35,59.32,15.18
7288000,62.55,60.49,15.83
7290000,64.49,61.0,16.11
7292000,56.99,61.84,16.58
7294000,58.83,65.82,18.79
7296000,60.93,60.67,15.93
7298000,68.99,62.46,16.92
7300000,70.28,59.5,15.28
7302000,70.93,63.34,17.41
7304000,58.29,59.45,15.25
7306000,61.19,66.24,19.02
7308000,55.43,64.54,18.08
7310000,69.32,65.28,18.49
7312000,67.86,60.1,15.61
7314000,57.1,61.43,16.35
7316000,72.67,65.91,18.84
7318000,58.76,67.44,19.69
7320000,69.74,62.38,16.88
7322000,71.41,66.0,18.89
7324000,65.62,65.68,18.71
7326000,68.83,60.62,15.9
7328000,63.59,63.28,17.38
7330000,61.57,59.45,15.25
7332000,67.6,59.25,15.14
7334000,58.8,64.49,18.05
7336000,56.28,59.04,15.02
7338000,63.55,59.2,15.11
7340000,66.52,61.95,16.64
7342000,71.58,66.58,19.21
7344000,69.13,61.63,16.46
7346000,62.76,60.93,16.07
7348000,63.51,61.25,16.25
7350000,68.71,67.8,19.89
7352000,68.75,61.56,16.42
7354000,72.35,59.81,15.45
7356000,70.22,61.61,16.45
7358000,69.03,61.12,16.18
7360000,62.12,59.2,15.11
7362000,67.94,60.42,15.79
7364000,60.13,61.77,16.54
7366000,66.9,59.79,15.44
7368000,55.85,63.09,17.27
7370000,58.77,63.41,17.45
7372000,68.78,61.72,16.51
7374000,62.13,63.19,17.33
7376000,66.4,60.69,15.94
7378000,72.26,67.3,19.61
7380000,66.48,67.62,19.79
7382000,63.51,63.18,17.32
7384000,71.81,67.23,19.57
7386000,73.22,62.08,16.71
7388000,62.92,61.56,16.42
7390000,71.56,66.16,18.98
7392000,62.27,60.82,16.01
7394000,61.36,63.64,17.58
7396000,68.81,62.96,17.2
7398000,74.55,60.57,15.87
7400000,70.4,61.79,16.55
7402000,69.66,66.04,18.91
7404000,55.07,62.85,17.14
7406000,59.49,63.19,17.33
7408000,59.9,60.98,16.1
7410000,69.26,65.12,18.4
7412000,57.49,62.13,16.74
7414000,71.34,60.12,15.62
7416000,70.94,64.99,18.33
7418000,62.22,64.58,18.1
7420000,55.13,66.27,19.04
7422000,67.2,62.4,16.89
7424000,71.78,66.29,19.05
7426000,60.08,63.79,17.66
7428000,64.02,65.79,18.77
7430000,57.37,63.64,17.58
7432000,73.18,65.64,18.69
7434000,67.72,61.88,16.6
7436000,64.61,65.17,18.43
7438000,57.5,64.08,17.82
7440000,59.15,64.76,18.2
7442000,67.87,61.86,16.59
7444000,56.93,61.72,16.51
7446000,64.6,61.05,16.14
7448000,59.98,63.91,17.73
7450000,73.67,60.53,15.85
7452000,65.62,63.7,17.61
7454000,57.81,61.66,16.48
7456000,72.1,67.64,19.8
7458000,62.27,61.03,16.13
7460000,72.36,59.68,15.38
7462000,70.02,61.81,16.56
7464000,71.34,64.27,17.93
7466000,72.82,62.11,16.73
7468000,68.37,59.59,15.33
7470000,69.08,66.4,19.11
7472000,65.05,63.84,17.69
7474000,67.1,59.11,15.06
7476000,65.49,62.38,16.88
7478000,71.52,64.13,17.85
7480000,73.13,63.36,17.42
7482000,73.55,62.53,16.96
7484000,60.27,62.02,16.68
7486000,71.91,65.61,18.67
7488000,60.52,64.51,18.06
7490000,73.51,65.35,18.53
7492000,70.01,66.42,19.12
7494000,63.97,60.33,15.74
7496000,71.41,64.47,18.04
7498000,71.49,64.98,18.32
7500000,64.63,64.65,18.14
7502000,70.18,65.7,18.72
7504000,61.92,66.99,19.44
7506000,68.44,65.91,18.84
7508000,66.49,66.06,18.92
7510000,70.59,60.1,15.61
7512000,57.7,63.43,17.46
7514000,65.97,61.72,16.51
7516000,70.37,64.81,18.23
7518000,74.64,61.99,16.66
7520000,74.01,61.72,16.51
7522000,68.26,64.2,17.89
7524000,57.05,65.64,18.69
7526000,61.03,59.04,15.02
7528000,57.34,61.54,16.41
7530000,72.35,62.85,17.14
7532000,69.6,61.07,16.15
7534000,68.85,64.0,17.78
7536000,65.22,65.43,18.57
7538000,56.98,63.59,17.55
7540000,58.67,59.61,15.34
7542000,73.86,60.84,16.02
7544000,66.72,60.4,15.78
7546000,62.11,66.92,19.4
7548000,65.87,63.3,17.39
7550000,74.54,64.47,18.04
7552000,68.59,62.62,17.01
7554000,72.15,61.7,16.5
7556000,71.55,64.87,18.26
7558000,72.23,65.59,18.66
7560000,62.99,63.72,17.62
7562000,61.65,61.09,16.16
7564000,55.3,65.05,18.36
7566000,62.4,67.6,19.78
7568000,61.72,64.11,17.84
7570000,65.88,65.28,18.49
7572000,73.22,67.78,19.88
7574000,65.05,66.74,19.3
7576000,68.78,62.73,17.07
7578000,74.94,67.87,19.93
7580000,61.23,62.69,17.05
7582000,74.02,67.19,19.55
7584000,65.88,67.44,19.69
7586000,66.95,62.94,17.19
7588000,65.52,62.31,16.84
7590000,63.91,66.61,19.23
7592000,69.12,65.14,18.41
7594000,64.9,64.81,18.23
7596000,69.81,63.25,17.36
7598000,62.28,59.23,15.13
7600000,74.6,63.32,17.4
7602000,56.88,60.71,15.95
7604000,73.9,61.88,16.6
7606000,71.03,60.4,15.78
7608000,57.3,59.45,15.25
7610000,72.83,62.06,16.7
7612000,55.28,62.15,16.75
7614000,56.44,67.05,19.47
7616000,70.58,62.42,16.9
7618000,74.43,64.94,18.3
7620000,57.98,62.26,16.81
7622000,55.9,62.29,16.83
7624000,71.99,60.46,15.81
7626000,67.9,60.35,15.75
7628000,58.2,64.53,18.07
7630000,70.47,65.28,18.49
7632000,73.48,64.85,18.25
7634000,67.72,65.53,18.63
7636000,67.12,67.5,19.72
7638000,70.11,62.35,16.86
7640000,57.67,67.03,19.46
7642000,71.8,62.69,17.05
7644000,69.6,64.65,18.14
7646000,63.81,67.03,19.46
7648000,62.08,63.46,17.48
7650000,63.08,64.51,18.06
7652000,65.09,60.13,15.63
7654000,69.31,67.69,19.83
7656000,66.57,66.02,18.9
7658000,68.22,65.7,18.72
7660000,62.83,59.77,15.43
7662000,63.05,63.43,17.46
7664000,73.1,62.65,17.03
7666000,57.99,61.59,16.44
7668000,68.97,67.42,19.68
7670000,57.33,66.31,19.06
7672000,71.93,64.35,17.97
7674000,59.58,65.93,18.85
7676000,69.16,66.96,19.42
7678000,67.35,61.03,16.13
7680000,71.38,63.36,17.42
7682000,61.34,60.75,15.97
7684000,61.22,62.28,16.82
7686000,70.67,62.47,16.93
7688000,72.34,62.28,16.82
7690000,58.53,65.41,18.56
7692000,62.54,65.61,18.67
7694000,57.04,67.96,19.98
7696000,62.25,59.4,15.22
7698000,55.6,63.59,17.55
7700000,57.77,60.35,15.75
7702000,65.44,67.26,19.59
7704000,59.7,61.2,16.22
7706000,74.56,62.28,16.82
7708000,73.51,60.62,15.9
7710000,71.34,63.54,17.52
7712000,64.69,59.79,15.44
7714000,55.45,62.53,16.96
7716000,64.55,61.45,16.36
7718000,61.65,66.02,18.9
7720000,65.03,66.72,19.29
7722000,64.15,65.52,18.62
7724000,69.2,65.37,18.54
7726000,68.68,61.79,16.55
7728000,57.9,66.87,19.37
7730000,66.16,62.06,16.7
7732000,69.92,59.7,15.39
7734000,67.86,64.71,18.17
7736000,68.86,62.89,17.16
7738000,71.23,63.46,17.48
7740000,55.61,59.59,15.33
7742000,61.56,61.88,16.6
7744000,61.5,64.31,17.95
7746000,58.53,63.0,17.22
7748000,69.97,64.36,17.98
7750000,61.03,66.06,18.92
7752000,64.7,63.68,17.6
7754000,62.01,61.7,16.5
7756000,63.76,63.45,17.47
7758000,70.37,59.61,15.34
7760000,59.51,59.88,15.49
7762000,71.03,60.94,16.08
7764000,60.17,59.83,15.46
7766000,73.9,60.24,15.69
7768000,58.88,61.95,16.64
7770000,73.75,67.55,19.75
7772000,74.11,67.23,19.57
7774000,57.56,62.6,17.0
7776000,68.27,66.58,19.21
7778000,65.69,61.43,16.35
7780000,65.94,62.42,16.9
7782000,65.24,62.94,17.19
7784000,55.16,62.91,17.17
7786000,70.05,62.02,16.68
7788000,65.42,67.6,19.78
7790000,66.4,65.48,18.6
7792000,72.56,64.87,18.26
7794000,70.88,63.39,17.44
7796000,56.23,60.78,15.99
7798000,56.44,61.29,16.27
7800000,72.77,66.69,19.27
7802000,57.72,64.45,18.03
7804000,59.94,62.6,17.0
7806000,60.11,63.59,17.55
7808000,72.93,66.22,19.01
7810000,62.65,61.14,16.19
7812000,66.26,62.55,16.97
7814000,58.28,60.21,15.67
7816000,72.63,67.17,19.54
7818000,57.42,59.18,15.1
7820000,65.61,65.16,18.42
7822000,66.73,62.49,16.94
7824000,58.83,60.3,15.72
7826000,59.8,63.07,17.26
7828000,73.42,62.69,17.05
7830000,69.17,59.14,15.08
7832000,74.73,66.7,19.28
7834000,72.18,64.45,18.03
7836000,60.52,67.33,19.63
7838000,64.19,67.6,19.78
7840000,70.6,63.32,17.4
7842000,73.11,60.8,16.0
7844000,68.75,67.48,19.71
7846000,73.46,59.67,15.37
7848000,69.27,66.7,19.28
7850000,60.56,64.83,18.24
7852000,69.76,63.84,17.69
7854000,73.83,60.04,15.58
7856000,64.48,64.99,18.33
7858000,62.45,66.42,19.12
7860000,69.02,62.13,16.74
7862000,57.33,60.21,15.67
7864000,63.69,65.55,18.64
7866000,63.27,60.4,15.78
7868000,67.41,63.09,17.27
7870000,60.13,66.02,18.9
7872000,62.76,60.3,15.72
7874000,58.52,64.65,18.14
7876000,63.38,62.92,17.18
7878000,65.57,63.46,17.48
7880000,57.12,61.83,16.57
7882000,72.68,60.3,15.72
7884000,57.56,60.31,15.73
7886000,72.93,62.74,17.08
7888000,73.33,64.0,17.78
7890000,58.89,66.16,18.98
7892000,60.92,67.21,19.56
7894000,74.76,62.58,16.99
7896000,57.05,65.88,18.82
7898000,61.4,64.27,17.93
7900000,55.52,59.43,15.24
7902000,62.01,64.6,18.11
7904000,59.48,61.48,16.38
7906000,62.28,66.24,19.02
7908000,59.45,62.2,16.78
7910000,66.44,67.87,19.93
7912000,66.12,62.78,17.1
7914000,68.78,64.2,17.89
7916000,56.17,65.19,18.44
7918000,68.8,65.35,18.53
7920000,64.53,60.53,15.85
7922000,61.64,66.2,19.0
7924000,65.52,60.69,15.94
7926000,58.24,65.34,18.52
7928000,60.61,67.57,19.76
7930000,70.56,62.73,17.07
7932000,69.42,59.83,15.46
7934000,61.45,61.25,16.25
7936000,61.18,62.13,16.74
7938000,73.42,66.63,19.24
7940000,71.3,65.28,18.49
7942000,64.58,64.15,17.86
7944000,64.54,64.85,18.25
7946000,56.37,64.85,18.25
7948000,61.87,66.49,19.16
7950000,73.75,61.14,16.19
7952000,63.15,64.54,18.08
7954000,61.47,65.14,18.41
7956000,65.2,61.99,16.66
7958000,72.37,59.49,15.27
7960000,63.98,59.7,15.39
7962000,58.67,59.23,15.13
7964000,61.95,61.63,16.46
7966000,70.54,62.2,16.78
7968000,56.3,64.85,18.25
7970000,71.7,61.7,16.5
7972000,71.32,63.72,17.62
7974000,64.33,60.94,16.08
7976000,71.17,66.36,19.09
7978000,72.08,61.77,16.54
7980000,72.79,60.91,16.06
7982000,65.43,64.85,18.25
7984000,70.39,66.72,19.29
7986000,72.89,66.6,19.22
7988000,57.43,67.23,19.57
7990000,74.57,62.26,16.81
7992000,70.88,62.76,17.09
7994000,61.48,65.3,18.5
7996000,59.24,59.67,15.37
7998000,67.6,65.17,18.43
8000000,67.15,62.69,17.05
8002000,61.65,63.61,17.56
8004000,60.5,60.46,15.81
8006000,73.67,65.37,18.54
8008000,67.15,65.57,18.65
8010000,55.69,67.78,19.88
8012000,72.2,67.23,19.57
8014000,64.04,61.3,16.28
8016000,60.61,63.81,17.67
8018000,60.15,66.78,19.32
8020000,71.41,60.48,15.82
8022000,71.46,66.96,19.42
8024000,56.51,59.85,15.47
8026000,60.47,59.59,15.33
8028000,56.93,67.66,19.81
8030000,71.44,62.01,16.67
8032000,73.73,59.49,15.27
8034000,62.6,59.29,15.16
8036000,70.93,62.17,16.76
8038000,65.21,63.54,17.52
8040000,58.75,59.85,15.47
8042000,61.96,61.74,16.52
8044000,66.23,67.86,19.92
8046000,56.35,64.56,18.09
8048000,67.87,67.12,19.51
8050000,66.35,60.62,15.9
8052000,55.3,62.42,16.9
8054000,57.24,67.1,19.5
8056000,74.2,63.79,17.66
8058000,73.94,59.83,15.46
8060000,70.29,66.81,19.34
8062000,55.21,64.92,18.29
8064000,68.07,66.45,19.14
8066000,55.32,66.74,19.3
8068000,74.53,63.14,17.3
8070000,72.52,65.37,18.54
8072000,56.54,63.18,17.32
8074000,56.9,62.26,16.81
8076000,68.84,61.95,16.64
8078000,62.26,62.17,16.76
8080000,61.18,65.55,18.64
8082000,67.98,63.77,17.65
8084000,70.29,65.7,18.72
8086000,60.32,61.2,16.22
8088000,57.02,65.01,18.34
8090000,64.29,63.86,17.7
8092000,72.26,63.88,17.71
8094000,69.94,61.5,16.39
8096000,62.1,60.49,15.83
8098000,59.54,60.21,15.67
8100000,74.76,59.9,15.5
8102000,68.11,59.81,15.45
8104000,57.25,65.88,18.82
8106000,65.28,66.18,18.99
8108000,65.3,59.76,15.42
8110000,68.13,64.11,17.84
8112000,59.51,66.0,18.89
8114000,72.95,59.38,15.21
8116000,58.69,66.63,19.24
8118000,70.06,65.59,18.66
8120000,64.15,66.25,19.03
8122000,65.45,59.23,15.13
8124000,62.86,59.27,15.15
8126000,60.53,66.2,19.0
8128000,62.63,67.78,19.88
8130000,64.18,62.28,16.82
8132000,69.61,59.38,15.21
8134000,62.92,64.94,18.3
8136000,55.15,60.67,15.93
8138000,70.66,66.7,19.28
8140000,70.82,65.95,18.86
8142000,60.32,66.49,19.16
8144000,57.23,67.48,19.71
8146000,72.33,65.3,18.5
8148000,63.49,59.92,15.51
8150000,58.56,59.25,15.14
8152000,63.25,65.5,18.61
8154000,72.23,66.56,19.2
8156000,74.98,67.23,19.57
8158000,74.87,60.42,15.79
8160000,72.32,66.83,19.35
8162000,55.02,63.72,17.62
8164000,74.47,61.48,16.38
8166000,58.72,65.37,18.54
8168000,60.51,62.89,17.16
8170000,59.13,60.98,16.1
8172000,55.92,65.14,18.41
8174000,65.1,67.19,19.55
8176000,73.32,64.24,17.91
8178000,58.52,60.19,15.66
8180000,69.42,62.2,16.78
8182000,69.47,59.27,15.15
8184000,55.78,64.42,18.01
8186000,62.94,59.68,15.38
8188000,61.18,67.17,19.54
8190000,71.35,65.28,18.49
8192000,59.49,67.03,19.46
8194000,66.71,61.9,16.61
8196000,59.8,62.1,16.72
8198000,68.91,66.96,19.42
8200000,57.05,62.28,16.82
8202000,74.88,60.13,15.63
8204000,71.53,63.05,17.25
8206000,58.87,60.28,15.71
8208000,70.46,64.53,18.07
8210000,55.86,61.54,16.41
8212000,60.92,63.52,17.51
8214000,55.03,60.51,15.84
8216000,68.83,61.3,16.28
8218000,72.8,67.48,19.71
8220000,73.74,63.12,17.29
8222000,69.54,65.57,18.65
8224000,73.63,64.9,18.28
8226000,62.55,61.02,16.12
8228000,65.09,61.57,16.43
8230000,68.06,64.99,18.33
8232000,73.29,59.58,15.32
8234000,60.52,59.72,15.4
8236000,69.63,63.41,17.45
8238000,65.22,61.29,16.27
8240000,59.17,59.68,15.38
8242000,63.2,67.32,19.62
8244000,60.15,65.21,18.45
8246000,63.27,65.43,18.57
8248000,73.77,67.41,19.67
8250000,73.67,67.77,19.87
8252000,72.45,61.81,16.56
8254000,66.87,62.85,17.14
8256000,73.09,62.13,16.74
8258000,60.25,61.92,16.62
8260000,74.83,62.91,17.17
8262000,57.08,60.73,15.96
8264000,64.64,63.91,17.73
8266000,61.46,67.46,19.7
8268000,74.09,67.32,19.62
8270000,64.45,65.35,18.53
8272000,61.35,67.51,19.73
8274000,59.64,61.21,16.23
8276000,62.74,60.1,15.61
8278000,67.07,62.15,16.75
8280000,63.57,66.13,18.96
8282000,61.25,62.35,16.86
8284000,58.56,59.16,15.09
8286000,71.1,59.79,15.44
8288000,66.35,61.74,16.52
8290000,57.41,61.99,16.66
8292000,64.2,62.08,16.71
8294000,57.47,67.14,19.52
8296000,70.52,63.09,17.27
8298000,64.16,62.44,16.91
8300000,67.94,66.63,19.24
8302000,55.38,66.9,19.39
8304000,62.89,61.81,16.56
8306000,65.67,65.79,18.77
8308000,65.38,63.27,17.37
8310000,74.43,60.67,15.93
8312000,67.55,61.09,16.16
8314000,70.15,59.32,15.18
8316000,72.69,61.74,16.52
8318000,66.94,67.44,19.69
8320000,70.28,59.99,15.55
8322000,61.83,65.62,18.68
8324000,71.86,67.03,19.46
8326000,61.96,63.66,17.59
8328000,70.47,66.96,19.42
8330000,59.51,61.75,16.53
8332000,73.47,59.4,15.22
8334000,66.45,59.02,15.01
8336000,70.59,65.14,18.41
8338000,74.64,65.93,18.85
8340000,58.35,63.0,17.22
8342000,57.92,65.16,18.42
8344000,56.68,63.57,17.54
8346000,59.36,61.07,16.15
8348000,71.97,60.84,16.02
8350000,63.1,67.89,19.94
8352000,66.54,60.98,16.1
8354000,60.07,66.97,19.43
8356000,71.8,60.58,15.88
8358000,59.34,62.67,17.04
8360000,63.23,66.56,19.2
8362000,69.9,59.36,15.2
8364000,65.37,64.44,18.02
8366000,59.02,67.69,19.83
8368000,63.57,63.63,17.57
8370000,60.9,59.18,15.1
8372000,56.81,61.88,16.6
8374000,74.98,63.55,17.53
8376000,57.23,62.29,16.83
8378000,68.76,65.44,18.58
8380000,61.46,64.49,18.05
8382000,55.09,59.27,15.15
8384000,71.47,59.88,15.49
8386000,66.92,64.44,18.02
8388000,60.14,66.24,19.02
8390000,72.97,67.17,19.54
8392000,65.49,62.17,16.76
8394000,57.86,63.63,17.57
8396000,63.69,62.74,17.08
8398000,57.06,63.07,17.26
8400000,60.27,61.56,16.42
8402000,61.04,60.35,15.75
8404000,72.68,63.16,17.31
8406000,55.19,61.43,16.35
8408000,66.93,65.08,18.38
8410000,62.94,67.86,19.92
8412000,71.59,60.01,15.56
8414000,65.24,60.64,15.91
8416000,68.18,59.94,15.52
8418000,74.45,59.56,15.31
8420000,66.32,67.35,19.64
8422000,59.05,60.93,16.07
8424000,60.85,67.48,19.71
8426000,59.48,64.96,18.31
8428000,62.4,61.77,16.54
8430000,63.2,67.41,19.67
8432000,62.66,66.29,19.05
8434000,70.82,60.12,15.62
8436000,55.15,62.38,16.88
8438000,71.94,59.34,15.19
8440000,55.73,67.21,19.56
8442000,65.93,67.21,19.56
8444000,64.11,63.09,17.27
8446000,59.09,66.24,19.02
8448000,57.9,66.7,19.28
8450000,57.39,65.12,18.4
8452000,71.91,59.86,15.48
8454000,56.31,60.21,15.67
8456000,61.74,66.38,19.1
8458000,72.01,66.83,19.35
8460000,66.55,59.29,15.16
8462000,58.82,65.39,18.55
8464000,56.77,64.47,18.04
8466000,60.95,62.94,17.19
8468000,64.75,66.6,19.22
8470000,67.78,60.1,15.61
8472000,59.78,65.46,18.59
8474000,73.77,60.98,16.1
8476000,71.79,62.35,16.86
8478000,64.9,60.66,15.92
8480000,73.11,62.22,16.79
8482000,64.79,65.32,18.51
8484000,60.18,62.19,16.77
8486000,63.36,66.58,19.21
8488000,55.75,60.31,15.73
8490000,74.25,63.54,17.52
8492000,57.08,64.98,18.32
8494000,61.34,61.3,16.28
8496000,73.35,63.95,17.75
8498000,63.67,63.21,17.34
8500000,73.46,62.94,17.19
8502000,55.6,66.56,19.2
8504000,73.9,61.56,16.42
8506000,70.26,64.04,17.8
8508000,67.42,62.22,16.79
8510000,56.78,67.57,19.76
8512000,72.92,64.31,17.95
8514000,67.43,65.26,18.48
8516000,74.65,66.11,18.95
8518000,71.61,59.32,15.18
8520000,68.69,66.74,19.3
8522000,63.71,63.63,17.57
8524000,73.85,65.23,18.46
8526000,74.57,61.65,16.47
8528000,67.9,63.18,17.32
8530000,58.06,66.56,19.2
8532000,61.64,59.45,15.25
8534000,63.12,59.32,15.18
8536000,73.49,63.48,17.49
8538000,61.42,67.14,19.52
8540000,73.14,61.2,16.22
8542000,70.45,67.98,19.99
8544000,57.32,66.15,18.97
8546000,64.38,63.77,17.65
8548000,57.49,66.51,19.17
8550000,62.77,66.94,19.41
8552000,63.68,67.57,19.76
8554000,74.57,63.75,17.64
8556000,69.01,65.64,18.69
8558000,63.24,65.1,18.39
8560000,65.77,59.94,15.52
8562000,69.49,61.03,16.13
8564000,62.66,63.88,17.71
8566000,74.96,63.66,17.59
8568000,66.33,60.48,15.82
8570000,71.22,63.0,17.22
8572000,64.85,60.39,15.77
8574000,72.98,65.44,18.58
8576000,59.2,63.48,17.49
8578000,70.58,62.78,17.1
8580000,69.43,62.94,17.19
8582000,64.91,66.18,18.99
8584000,74.84,59.86,15.48
8586000,66.49,59.72,15.4
8588000,61.12,62.33,16.85
8590000,74.72,59.59,15.33
8592000,69.61,65.39,18.55
8594000,68.92,65.21,18.45
8596000,74.21,62.1,16.72
8598000,56.51,62.94,17.19
8600000,68.05,59.47,15.26
8602000,74.12,59.41,15.23
8604000,74.46,60.89,16.05
8606000,73.41,62.67,17.04
8608000,69.17,60.6,15.89
8610000,62.66,60.82,16.01
8612000,61.48,65.14,18.41
8614000,63.34,60.98,16.1
8616000,63.18,65.41,18.56
8618000,60.98,67.41,19.67
8620000,55.02,67.17,19.54
8622000,74.26,62.8,17.11
8624000,55.14,61.32,16.29
8626000,60.08,61.05,16.14
8628000,55.48,59.31,15.17
8630000,66.93,61.83,16.57
8632000,68.54,67.06,19.48
8634000,62.79,61.41,16.34
8636000,74.76,67.24,19.58
8638000,55.27,64.15,17.86
8640000,74.63,59.61,15.34
8642000,58.16,63.57,17.54
8644000,74.33,62.96,17.2
8646000,68.97,66.04,18.91
8648000,62.57,60.37,15.76
8650000,66.67,67.12,19.51
8652000,71.57,66.0,18.89
8654000,59.7,63.25,17.36
8656000,67.24,59.94,15.52
8658000,74.99,62.42,16.9
8660000,70.8,64.8,18.22
8662000,73.1,61.5,16.39
8664000,63.53,64.29,17.94
8666000,56.05,59.7,15.39
8668000,74.36,66.76,19.31
8670000,60.48,64.08,17.82
8672000,62.67,64.62,18.12
8674000,64.22,63.3,17.39
8676000,65.48,63.41,17.45
8678000,63.9,62.01,16.67
8680000,68.91,64.36,17.98
8682000,66.18,64.33,17.96
8684000,61.13,62.19,16.77
8686000,72.97,60.57,15.87
8688000,68.3,67.71,19.84
8690000,55.55,62.19,16.77
8692000,57.91,67.69,19.83
8694000,71.05,66.6,19.22
8696000,65.83,59.09,15.05
8698000,74.49,67.91,19.95
8700000,60.78,60.87,16.04
8702000,62.96,64.22,17.9
8704000,58.5,62.1,16.72
8706000,66.38,59.4,15.22
8708000,60.0,60.35,15.75
8710000,70.26,59.47,15.26
8712000,59.63,66.34,19.08
8714000,64.1,64.49,18.05
8716000,65.95,61.48,16.38
8718000,73.56,66.85,19.36
8720000,56.02,66.2,19.0
8722000,66.23,64.53,18.07
8724000,73.36,65.61,18.67
8726000,58.11,65.89,18.83
8728000,57.08,61.45,16.36
8730000,70.05,61.14,16.19
8732000,73.2,67.15,19.53
8734000,67.45,60.01,15.56
8736000,59.24,63.37,17.43
8738000,69.84,63.7,17.61
8740000,55.88,66.54,19.19
8742000,56.94,67.48,19.71
8744000,57.55,62.2,16.78
8746000,74.81,68.0,20.0
8748000,72.7,67.62,19.79
8750000,66.79,65.16,18.42
8752000,73.98,62.2,16.78
8754000,63.06,61.92,16.62
8756000,63.6,64.29,17.94
8758000,72.87,67.32,19.62
8760000,55.97,63.48,17.49
8762000,65.85,62.6,17.0
8764000,56.88,60.66,15.92
8766000,68.98,63.57,17.54
8768000,60.11,64.09,17.83
8770000,56.0,62.01,16.67
8772000,57.57,59.14,15.08
8774000,64.75,60.67,15.93
8776000,55.97,65.07,18.37
8778000,62.88,67.75,19.86
8780000,72.81,67.23,19.57
8782000,69.6,63.34,17.41
8784000,62.99,67.96,19.98
8786000,56.23,66.02,18.9
8788000,71.45,62.46,16.92
8790000,57.48,60.58,15.88
8792000,55.56,62.28,16.82
8794000,55.82,61.75,16.53
8796000,74.14,59.94,15.52
8798000,71.53,66.81,19.34
8800000,61.33,59.7,15.39
8802000,73.58,66.2,19.0
8804000,73.61,61.63,16.46
8806000,59.51,63.9,17.72
8808000,60.86,64.96,18.31
8810000,69.75,67.01,19.45
8812000,66.52,60.37,15.76
8814000,63.9,65.86,18.81
8816000,55.91,60.8,16.0
8818000,59.82,59.45,15.25
8820000,58.49,64.53,18.07
8822000,74.6,61.2,16.22
8824000,59.58,67.82,19.9
8826000,66.89,64.78,18.21
8828000,65.15,61.68,16.49
8830000,74.45,65.73,18.74
8832000,69.85,64.15,17.86
8834000,74.97,62.1,16.72
8836000,58.18,63.01,17.23
8838000,72.65,67.46,19.7
8840000,73.66,60.35,15.75
8842000,72.48,67.51,19.73
8844000,65.6,65.98,18.88
8846000,59.58,67.87,19.93
8848000,64.91,65.95,18.86
8850000,71.25,66.9,19.39
8852000,65.46,66.36,19.09
8854000,69.24,59.25,15.14
8856000,65.95,59.61,15.34
8858000,68.1,63.41,17.45
8860000,70.93,63.91,17.73
8862000,66.14,64.92,18.29
8864000,64.93,65.23,18.46
8866000,63.98,66.72,19.29
8868000,55.14,66.74,19.3
8870000,70.26,61.14,16.19
8872000,66.2,61.43,16.35
8874000,70.53,63.18,17.32
8876000,71.49,64.69,18.16
8878000,74.23,66.74,19.3
8880000,56.73,67.17,19.54
8882000,68.81,63.84,17.69
8884000,59.98,62.31,16.84
8886000,59.14,65.7,18.72
8888000,57.84,67.77,19.87
8890000,66.85,64.69,18.16
8892000,64.18,66.6,19.22
8894000,59.95,61.47,16.37
8896000,67.41,60.64,15.91
8898000,58.83,62.8,17.11
8900000,64.76,63.43,17.46
8902000,67.35,67.89,19.94
8904000,62.77,65.28,18.49
8906000,68.32,64.96,18.31
8908000,59.84,67.19,19.55
8910000,72.41,59.86,15.48
8912000,61.49,60.8,16.0
8914000,69.64,61.52,16.4
8916000,58.0,67.57,19.76
8918000,70.78,65.62,18.68
8920000,64.61,64.11,17.84
8922000,64.29,63.59,17.55
8924000,55.67,62.64,17.02
8926000,72.32,62.55,16.97
8928000,63.16,65.34,18.52
8930000,63.58,60.93,16.07
8932000,64.22,64.65,18.14
8934000,66.51,65.86,18.81
8936000,59.21,67.68,19.82
8938000,59.1,66.54,19.19
8940000,69.48,63.45,17.47
8942000,63.3,67.82,19.9
8944000,55.95,64.74,18.19
8946000,56.48,63.95,17.75
8948000,66.53,65.21,18.45
8950000,64.32,64.56,18.09
8952000,67.68,60.22,15.68
8954000,72.57,66.24,19.02
8956000,60.1,61.41,16.34
8958000,64.24,65.53,18.63
8960000,65.73,62.6,17.0
8962000,62.01,59.74,15.41
8964000,73.85,59.22,15.12
8966000,71.45,66.16,18.98
8968000,69.59,62.55,16.97
8970000,66.23,67.8,19.89
8972000,68.14,60.03,15.57
8974000,72.98,66.72,19.29
8976000,61.78,60.4,15.78
8978000,64.16,61.18,16.21
8980000,67.19,66.11,18.95
8982000,55.32,65.12,18.4
8984000,69.2,63.9,17.72
8986000,66.76,60.15,15.64
8988000,58.13,64.74,18.19
8990000,74.15,64.83,18.24
8992000,57.62,59.07,15.04
8994000,65.32,60.69,15.94
8996000,68.03,63.95,17.75
8998000,57.22,60.01,15.56
9000000,62.59,67.26,19.59
9002000,72.51,60.98,16.1
9004000,61.73,60.84,16.02
9006000,56.34,64.89,18.27
9008000,70.97,64.74,18.19
9010000,68.11,67.39,19.66
9012000,73.65,63.12,17.29
9014000,73.7,61.83,16.57
9016000,74.29,64.89,18.27
9018000,73.51,59.04,15.02
9020000,57.18,65.79,18.77
9022000,68.76,59.67,15.37
9024000,62.61,65.48,18.6
9026000,66.82,65.82,18.79
9028000,57.11,67.26,19.59
9030000,63.57,65.98,18.88
9032000,58.61,67.84,19.91
9034000,60.59,60.1,15.61
9036000,64.58,62.37,16.87
9038000,69.03,60.26,15.7
9040000,59.59,64.89,18.27
9042000,55.27,61.43,16.35
9044000,73.5,67.35,19.64
9046000,68.9,63.93,17.74
9048000,69.71,64.85,18.25
9050000,56.85,63.12,17.29
9052000,72.52,63.28,17.38
9054000,62.87,67.33,19.63
9056000,59.76,62.71,17.06
9058000,69.65,62.6,17.0
9060000,63.09,65.66,18.7
9062000,63.68,64.87,18.26
9064000,69.52,66.24,19.02
9066000,68.25,65.89,18.83
9068000,61.7,60.06,15.59
9070000,71.49,64.15,17.86
9072000,56.32,67.12,19.51
9074000,55.4,62.04,16.69
9076000,67.75,66.2,19.0
9078000,73.25,63.16,17.31
9080000,66.09,63.46,17.48
9082000,61.79,61.36,16.31
9084000,66.9,66.06,18.92
9086000,66.95,62.02,16.68
9088000,72.72,65.91,18.84
9090000,57.41,61.75,16.53
9092000,74.27,61.57,16.43
9094000,57.61,64.47,18.04
9096000,60.59,61.92,16.62
9098000,73.16,66.63,19.24
9100000,74.59,62.1,16.72
9102000,63.6,63.77,17.65
9104000,69.31,61.79,16.55
9106000,64.44,67.33,19.63
9108000,55.81,62.22,16.79
9110000,71.92,65.03,18.35
9112000,63.73,59.11,15.06
9114000,74.63,67.08,19.49
9116000,69.85,65.44,18.58
9118000,65.49,63.05,17.25
9120000,70.83,60.04,15.58
9122000,70.63,62.94,17.19
9124000,56.01,64.94,18.3
9126000,61.65,67.96,19.98
9128000,68.05,61.88,16.6
9130000,59.44,65.21,18.45
9132000,55.71,64.56,18.09
9134000,65.08,65.64,18.69
9136000,65.35,62.85,17.14
9138000,57.74,63.77,17.65
9140000,70.43,62.67,17.04
9142000,72.43,66.47,19.15
9144000,61.35,62.35,16.86
9146000,58.83,59.41,15.23
9148000,56.16,62.13,16.74
9150000,69.8,62.65,17.03
9152000,57.02,65.41,18.56
9154000,64.21,67.42,19.68
9156000,65.66,67.91,19.95
9158000,69.32,59.7,15.39
9160000,56.45,64.06,17.81
9162000,56.25,64.27,17.93
9164000,62.52,66.34,19.08
9166000,56.72,64.29,17.94
9168000,65.75,64.71,18.17
9170000,71.58,66.38,19.1
9172000,63.75,67.41,19.67
9174000,66.24,59.05,15.03
9176000,65.4,66.0,18.89
9178000,55.12,65.46,18.59
9180000,68.55,60.58,15.88
9182000,59.33,66.72,19.29
9184000,71.28,67.06,19.48
9186000,71.25,60.57,15.87
9188000,58.24,64.15,17.86
9190000,59.73,64.11,17.84
9192000,66.44,65.95,18.86
9194000,55.95,62.55,16.97
9196000,69.23,65.34,18.52
9198000,71.13,59.68,15.38
9200000,68.8,64.11,17.84
9202000,61.22,62.22,16.79
9204000,70.92,67.23,19.57
9206000,72.39,59.13,15.07
9208000,55.94,65.12,18.4
9210000,59.71,64.47,18.04
9212000,61.99,61.09,16.16
9214000,74.71,66.27,19.04
9216000,71.58,63.37,17.43
9218000,72.28,61.54,16.41
9220000,72.24,60.33,15.74
9222000,60.23,62.44,16.91
9224000,55.72,60.98,16.1
9226000,63.28,61.14,16.19
9228000,56.87,61.97,16.65
9230000,72.73,64.51,18.06
9232000,73.6,67.48,19.71
9234000,67.91,63.82,17.68
9236000,71.34,64.31,17.95
9238000,72.81,64.62,18.12
9240000,55.61,62.91,17.17
9242000,63.59,61.05,16.14
9244000,58.16,65.62,18.68
9246000,62.4,64.33,17.96
9248000,57.81,67.51,19.73
9250000,72.14,65.43,18.57
9252000,72.11,60.89,16.05
9254000,68.18,62.92,17.18
9256000,65.96,60.98,16.1
9258000,64.17,65.39,18.55
9260000,68.35,60.1,15.61
9262000,71.08,64.02,17.79
9264000,71.94,64.67,18.15
9266000,66.75,59.85,15.47
9268000,72.05,66.63,19.24
9270000,63.8,67.71,19.84
9272000,56.36,60.39,15.77
9274000,62.19,63.37,17.43
9276000,63.78,65.21,18.45
9278000,60.09,60.19,15.66
9280000,59.56,63.43,17.46
9282000,71.45,66.88,19.38
9284000,57.58,65.1,18.39
9286000,60.54,61.74,16.52
9288000,65.29,59.2,15.11
9290000,57.63,61.59,16.44
9292000,57.51,64.04,17.8
9294000,63.08,59.49,15.27
9296000,57.69,61.79,16.55
9298000,59.05,64.98,18.32
9300000,65.85,65.26,18.48
9302000,56.5,60.22,15.68
9304000,56.95,64.45,18.03
9306000,64.7,61.97,16.65
9308000,67.26,66.76,19.31
9310000,71.81,59.52,15.29
9312000,66.66,63.16,17.31
9314000,66.06,66.0,18.89
9316000,60.55,64.35,17.97
9318000,70.44,62.69,17.05
9320000,65.7,67.57,19.76
9322000,57.02,67.78,19.88
9324000,70.01,66.04,18.91
9326000,57.03,66.9,19.39
9328000,55.67,67.44,19.69
9330000,68.29,67.44,19.69
9332000,56.74,61.03,16.13
9334000,60.95,64.54,18.08
9336000,74.45,60.67,15.93
9338000,69.97,60.76,15.98
9340000,69.27,66.47,19.15
9342000,71.6,60.62,15.9
9344000,67.03,62.8,17.11
9346000,57.09,67.37,19.65
9348000,70.03,60.13,15.63
9350000,73.32,67.6,19.78
9352000,64.88,62.08,16.71
9354000,72.09,63.36,17.42
9356000,61.06,64.53,18.07
9358000,56.85,67.23,19.57
9360000,71.68,61.75,16.53
9362000,72.5,60.76,15.98
9364000,56.72,65.01,18.34
9366000,66.71,59.86,15.48
9368000,62.43,59.29,15.16
9370000,71.2,61.77,16.54
9372000,69.69,62.15,16.75
9374000,58.42,63.68,17.6
9376000,69.88,67.14,19.52
9378000,66.72,63.34,17.41
9380000,60.53,66.06,18.92
9382000,63.87,62.13,16.74
9384000,73.71,66.04,18.91
9386000,67.28,62.94,17.19
9388000,74.77,60.89,16.05
9390000,74.05,62.29,16.83
9392000,68.96,63.48,17.49
9394000,70.96,61.25,16.25
9396000,62.91,63.37,17.43
9398000,74.51,65.71,18.73
9400000,60.84,66.43,19.13
9402000,58.56,64.9,18.28
9404000,65.56,59.65,15.36
9406000,61.8,66.97,19.43
9408000,66.55,64.81,18.23
9410000,68.88,65.68,18.71
9412000,70.92,66.38,19.1
9414000,73.09,60.03,15.57
9416000,57.37,59.99,15.55
9418000,60.17,65.07,18.37
9420000,63.46,64.06,17.81
9422000,55.48,64.63,18.13
9424000,74.36,66.15,18.97
9426000,67.11,64.81,18.23
9428000,64.61,65.95,18.86
9430000,57.64,67.75,19.86
9432000,58.79,61.2,16.22
9434000,56.9,60.85,16.03
9436000,63.49,64.47,18.04
9438000,70.08,65.19,18.44
9440000,59.49,61.48,16.38
9442000,70.54,65.98,18.88
9444000,63.69,61.54,16.41
9446000,65.25,60.6,15.89
9448000,59.65,64.24,17.91
9450000,63.46,66.51,19.17
9452000,59.08,66.74,19.3
9454000,64.63,67.1,19.5
9456000,69.97,64.45,18.03
9458000,64.49,63.1,17.28
9460000,63.77,60.17,15.65
9462000,71.75,59.74,15.41
9464000,62.61,59.04,15.02
9466000,58.18,65.7,18.72
9468000,63.07,65.03,18.35
9470000,60.65,67.51,19.73
9472000,72.91,59.36,15.2
9474000,55.01,61.38,16.32
9476000,66.58,67.41,19.67
9478000,73.89,60.35,15.75
9480000,60.68,66.47,19.15
9482000,71.55,66.31,19.06
9484000,68.46,62.83,17.13
9486000,62.18,61.52,16.4
9488000,68.13,63.84,17.69
9490000,67.11,59.14,15.08
9492000,62.95,59.14,15.08
9494000,55.03,65.16,18.42
9496000,55.63,63.97,17.76
9498000,73.15,64.38,17.99
9500000,67.37,65.05,18.36
9502000,70.04,61.02,16.12
9504000,62.2,67.44,19.69
9506000,63.76,64.49,18.05
9508000,65.77,64.74,18.19
9510000,67.55,60.26,15.7
9512000,61.26,66.92,19.4
9514000,69.92,65.34,18.52
9516000,67.84,64.87,18.26
9518000,61.38,67.71,19.84
9520000,56.62,66.11,18.95
9522000,59.53,60.64,15.91
9524000,63.17,66.54,19.19
9526000,63.37,65.35,18.53
9528000,71.08,61.99,16.66
9530000,68.62,66.63,19.24
9532000,66.46,67.26,19.59
9534000,69.37,59.45,15.25
9536000,68.15,67.96,19.98
9538000,59.75,61.48,16.38
9540000,56.7,60.31,15.73
9542000,65.82,64.89,18.27
9544000,70.68,60.15,15.64
9546000,66.23,62.04,16.69
9548000,67.39,66.94,19.41
9550000,74.27,63.64,17.58
9552000,68.91,67.82,19.9
9554000,55.47,59.47,15.26
9556000,66.12,65.05,18.36
9558000,67.37,66.94,19.41
9560000,60.55,59.56,15.31
9562000,72.24,65.08,18.38
9564000,63.63,66.4,19.11
9566000,62.41,62.04,16.69
9568000,71.91,67.82,19.9
9570000,65.3,65.91,18.84
9572000,73.72,59.77,15.43
9574000,68.99,65.05,18.36
9576000,72.91,64.42,18.01
9578000,73.68,62.38,16.88
9580000,70.86,63.25,17.36
9582000,74.9,60.85,16.03
9584000,66.43,67.86,19.92
9586000,56.26,64.27,17.93
9588000,71.17,65.93,18.85
9590000,57.48,62.35,16.86
9592000,69.03,62.38,16.88
9594000,69.27,64.6,18.11
9596000,67.76,66.97,19.43
9598000,74.19,67.15,19.53
9600000,66.83,61.99,16.66
9602000,59.96,63.48,17.49
9604000,57.71,64.89,18.27
9606000,64.17,66.49,19.16
9608000,69.71,67.66,19.81
9610000,67.08,63.75,17.64
9612000,60.77,64.42,18.01
9614000,64.78,64.99,18.33
9616000,61.64,67.33,19.63
9618000,56.84,65.77,18.76
9620000,65.1,63.64,17.58
9622000,56.79,59.59,15.33
9624000,69.4,59.95,15.53
9626000,57.97,66.96,19.42
9628000,70.2,67.39,19.66
9630000,63.32,60.84,16.02
9632000,60.23,64.96,18.31
9634000,64.74,63.25,17.36
9636000,62.95,61.29,16.27
9638000,70.14,67.53,19.74
9640000,63.87,64.74,18.19
9642000,70.41,59.54,15.3
9644000,59.04,60.21,15.67
9646000,70.24,60.91,16.06
9648000,58.53,66.79,19.33
9650000,68.25,67.6,19.78
9652000,66.74,67.33,19.63
9654000,71.09,64.89,18.27
9656000,57.44,67.3,19.61
9658000,58.05,64.92,18.29
9660000,59.19,67.82,19.9
9662000,61.51,64.42,18.01
9664000,72.11,62.17,16.76
9666000,70.21,62.47,16.93
9668000,65.77,61.99,16.66
9670000,57.47,59.47,15.26
9672000,61.41,59.45,15.25
9674000,60.95,66.38,19.1
9676000,58.4,59.4,15.22
9678000,70.36,66.0,18.89
9680000,64.73,60.44,15.8
9682000,62.77,62.42,16.9
9684000,68.89,66.25,19.03
9686000,69.22,64.87,18.26
9688000,66.54,65.05,18.36
9690000,60.17,59.45,15.25
9692000,64.82,59.77,15.43
9694000,55.08,63.99,17.77
9696000,67.34,64.24,17.91
9698000,59.0,64.8,18.22
9700000,65.67,62.71,17.06
9702000,73.76,63.99,17.77
9704000,70.45,59.56,15.31
9706000,69.31,67.3,19.61
9708000,68.95,59.36,15.2
9710000,65.55,65.64,18.69
9712000,60.86,67.46,19.7
9714000,66.21,62.98,17.21
9716000,68.78,65.12,18.4
9718000,71.09,63.12,17.29
9720000,55.89,66.16,18.98
9722000,55.97,65.32,18.51
9724000,72.17,63.77,17.65
9726000,67.68,65.91,18.84
9728000,59.93,62.8,17.11
9730000,60.42,59.36,15.2
9732000,71.03,59.16,15.09
9734000,57.48,64.6,18.11
9736000,57.41,66.83,19.35
9738000,70.72,63.73,17.63
9740000,70.5,60.33,15.74
9742000,65.27,67.66,19.81
9744000,67.6,64.38,17.99
9746000,57.22,63.3,17.39
9748000,71.61,63.5,17.5
9750000,66.76,67.59,19.77
9752000,62.65,67.98,19.99
9754000,58.69,62.64,17.02
9756000,74.54,61.12,16.18
9758000,72.68,63.39,17.44
9760000,62.29,60.58,15.88
9762000,69.94,61.54,16.41
9764000,58.17,59.4,15.22
9766000,73.6,62.51,16.95
9768000,55.66,59.09,15.05
9770000,66.93,60.93,16.07
9772000,67.75,65.37,18.54
9774000,56.55,59.52,15.29
9776000,62.64,66.36,19.09
9778000,74.81,62.82,17.12
9780000,55.58,63.0,17.22
9782000,66.47,66.47,19.15
9784000,56.24,63.72,17.62
9786000,66.59,67.32,19.62
9788000,71.97,60.76,15.98
9790000,66.14,63.25,17.36
9792000,59.31,63.36,17.42
9794000,72.03,61.79,16.55
9796000,69.28,59.47,15.26
9798000,73.19,63.28,17.38
9800000,72.35,62.28,16.82
9802000,69.6,62.29,16.83
9804000,72.44,67.05,19.47
9806000,71.61,60.33,15.74
9808000,61.39,62.82,17.12
9810000,58.57,61.09,16.16
9812000,74.15,67.32,19.62
9814000,62.37,59.77,15.43
9816000,70.7,60.78,15.99
9818000,59.06,59.63,15.35
9820000,71.86,63.07,17.26
9822000,65.81,66.27,19.04
9824000,55.02,60.6,15.89
9826000,72.68,67.89,19.94
9828000,60.45,65.17,18.43
9830000,60.46,59.11,15.06
9832000,65.89,59.18,15.1
9834000,72.7,67.89,19.94
9836000,69.07,66.22,19.01
9838000,71.96,65.32,18.51
9840000,61.76,66.72,19.29
9842000,56.24,60.85,16.03
9844000,74.01,65.55,18.64
9846000,67.9,59.74,15.41
9848000,69.65,59.5,15.28
9850000,60.6,64.62,18.12
9852000,66.58,67.51,19.73
9854000,59.87,62.92,17.18
9856000,63.57,59.65,15.36
9858000,71.71,66.43,19.13
9860000,60.52,63.03,17.24
9862000,69.47,62.33,16.85
9864000,71.97,63.86,17.7
9866000,64.98,60.53,15.85
9868000,66.87,64.2,17.89
9870000,72.0,64.49,18.05
9872000,55.11,65.41,18.56
9874000,70.0,60.04,15.58
9876000,61.93,67.26,19.59
9878000,74.13,59.85,15.47
9880000,65.96,63.9,17.72
9882000,64.99,61.84,16.58
9884000,61.3,59.67,15.37
9886000,58.96,64.72,18.18
9888000,67.2,67.96,19.98
9890000,57.35,59.9,15.5
9892000,56.34,64.94,18.3
9894000,65.51,66.2,19.0
9896000,69.03,64.99,18.33
9898000,57.13,66.34,19.08
9900000,68.22,61.03,16.13
9902000,62.63,61.09,16.16
9904000,70.73,67.51,19.73
9906000,56.83,59.34,15.19
9908000,57.86,67.53,19.74
9910000,61.0,67.03,19.46
9912000,61.78,65.5,18.61
9914000,67.14,63.88,17.71
9916000,56.15,61.86,16.59
9918000,63.61,63.21,17.34
9920000,58.8,61.34,16.3
9922000,61.69,67.93,19.96
9924000,73.95,65.82,18.79
9926000,64.29,59.95,15.53
9928000,70.08,60.17,15.65
9930000,73.31,66.06,18.92
9932000,71.82,59.49,15.27
9934000,62.48,63.55,17.53
9936000,73.18,67.48,19.71
9938000,55.38,59.76,15.42
9940000,61.37,60.44,15.8
9942000,57.39,60.94,16.08
9944000,58.68,59.85,15.47
9946000,65.9,60.15,15.64
9948000,64.78,66.76,19.31
9950000,55.06,65.03,18.35
9952000,68.36,60.87,16.04
9954000,69.95,59.25,15.14
9956000,60.45,67.75,19.86
9958000,64.67,62.26,16.81
9960000,55.59,61.29,16.27
9962000,57.23,64.22,17.9
9964000,64.96,62.82,17.12
9966000,61.75,66.42,19.12
9968000,64.46,63.91,17.73
9970000,74.61,67.26,19.59
9972000,58.33,59.56,15.31
9974000,73.77,65.05,18.36
9976000,64.61,61.32,16.29
9978000,68.06,59.5,15.28
9980000,67.08,62.53,16.96
9982000,72.38,61.65,16.47
9984000,62.97,66.74,19.3
9986000,64.89,67.98,19.99
9988000,60.34,66.42,19.12
9990000,70.64,65.46,18.59
9992000,55.61,65.12,18.4
9994000,69.16,63.16,17.31
9996000,74.47,62.56,16.98
9998000,58.52,64.81,18.23
10000000,73.06,64.65,18.14
10002000,63.25,67.69,19.83
10004000,55.08,66.02,18.9
10006000,74.08,61.21,16.23
10008000,55.21,63.3,17.39
10010000,68.42,66.09,18.94
10012000,64.43,64.09,17.83
10014000,70.16,67.77,19.87
10016000,67.75,67.23,19.57
10018000,65.1,60.12,15.62
10020000,59.61,62.31,16.84
10022000,63.69,61.75,16.53
10024000,60.22,63.59,17.55
10026000,56.57,59.31,15.17
10028000,55.13,61.43,16.35
10030000,56.53,59.36,15.2
10032000,62.72,59.74,15.41
10034000,64.25,63.64,17.58
10036000,67.56,60.75,15.97
10038000,67.25,64.98,18.32
10040000,62.11,62.51,16.95
10042000,57.69,66.92,19.4
10044000,63.14,65.8,18.78
10046000,67.15,59.49,15.27
10048000,67.19,64.15,17.86
10050000,70.98,61.25,16.25
10052000,70.57,65.21,18.45
10054000,58.06,65.64,18.69
10056000,66.28,60.13,15.63
10058000,55.09,67.91,19.95
10060000,62.92,66.45,19.14
10062000,56.55,66.56,19.2
10064000,57.9,67.39,19.66
10066000,65.76,60.26,15.7
10068000,61.62,61.34,16.3
10070000,60.4,60.33,15.74
10072000,58.38,59.41,15.23
10074000,62.9,62.11,16.73
10076000,65.68,65.97,18.87
10078000,74.94,62.62,17.01
10080000,62.91,59.47,15.26
10082000,73.89,64.35,17.97
10084000,62.48,60.28,15.71
10086000,74.88,59.04,15.02
10088000,57.12,60.51,15.84
10090000,71.19,59.9,15.5
10092000,62.91,62.19,16.77
10094000,72.83,62.65,17.03
10096000,74.49,60.85,16.03
10098000,60.42,63.64,17.58
10100000,74.73,67.86,19.92
10102000,58.07,67.95,19.97
10104000,61.56,61.86,16.59
10106000,74.23,60.35,15.75
10108000,72.35,60.84,16.02
10110000,64.23,60.3,15.72
10112000,57.2,65.86,18.81
10114000,74.35,67.6,19.78
10116000,57.67,61.74,16.52
10118000,65.25,60.06,15.59
10120000,69.72,61.93,16.63
10122000,56.37,63.95,17.75
10124000,67.14,61.25,16.25
10126000,58.75,61.41,16.34
10128000,74.69,65.37,18.54
10130000,59.65,65.89,18.83
10132000,73.93,63.57,17.54
10134000,63.04,61.86,16.59
10136000,59.46,62.73,17.07
10138000,56.48,67.82,19.9
10140000,67.05,67.77,19.87
10142000,63.34,60.89,16.05
10144000,57.28,67.01,19.45
10146000,57.26,61.43,16.35
10148000,73.42,60.48,15.82
10150000,72.77,59.04,15.02
10152000,74.13,63.81,17.67
10154000,63.72,63.16,17.31
10156000,56.42,63.43,17.46
10158000,62.2,62.8,17.11
10160000,71.83,62.73,17.07
10162000,56.38,61.0,16.11
10164000,74.96,66.47,19.15
10166000,63.48,64.4,18.0
10168000,68.93,59.77,15.43
10170000,55.89,67.86,19.92
10172000,69.29,63.01,17.23
10174000,65.97,66.38,19.1
10176000,56.01,66.07,18.93
10178000,63.24,63.36,17.42
10180000,69.69,62.82,17.12
10182000,70.72,66.78,19.32
10184000,62.16,62.19,16.77
10186000,65.47,59.94,15.52
10188000,70.99,59.65,15.36
10190000,68.12,61.84,16.58
10192000,70.84,62.64,17.02
10194000,74.68,63.05,17.25
10196000,65.07,66.18,18.99
10198000,65.66,61.93,16.63
10200000,64.74,67.62,19.79
10202000,67.63,62.67,17.04
10204000,71.43,62.17,16.76
10206000,56.49,63.05,17.25
10208000,65.84,66.79,19.33
10210000,66.95,66.31,19.06
10212000,65.98,60.15,15.64
10214000,70.55,59.76,15.42
10216000,67.29,62.85,17.14
10218000,69.75,61.03,16.13
10220000,62.34,62.82,17.12
10222000,66.3,61.63,16.46
10224000,74.26,64.04,17.8
10226000,60.66,65.64,18.69
10228000,56.54,64.36,17.98
10230000,71.97,62.11,16.73
10232000,63.0,65.77,18.76
10234000,64.22,66.24,19.02
10236000,62.35,65.62,18.68
10238000,66.84,59.85,15.47
10240000,62.26,63.46,17.48
10242000,60.25,65.97,18.87
10244000,74.04,65.57,18.65
10246000,65.7,61.74,16.52
10248000,58.27,60.17,15.65
10250000,65.41,67.1,19.5
10252000,60.72,65.75,18.75
10254000,73.27,64.99,18.33
10256000,60.27,62.67,17.04
10258000,69.4,64.49,18.05
10260000,71.09,61.25,16.25
10262000,57.67,64.54,18.08
10264000,69.22,66.4,19.11
10266000,56.18,62.22,16.79
10268000,55.21,63.3,17.39
10270000,72.88,61.48,16.38
10272000,74.26,61.48,16.38
10274000,66.1,67.69,19.83
10276000,60.9,64.26,17.92
10278000,60.25,63.0,17.22
10280000,64.37,59.5,15.28
10282000,73.45,67.42,19.68
10284000,69.42,59.88,15.49
10286000,67.13,62.62,17.01
10288000,66.18,61.36,16.31
10290000,67.47,59.63,15.35
10292000,74.73,63.23,17.35
10294000,69.78,60.12,15.62
10296000,55.97,63.95,17.75
10298000,55.2,60.03,15.57
10300000,68.35,59.54,15.3
10302000,58.7,63.59,17.55
10304000,68.77,60.04,15.58
10306000,65.93,65.61,18.67
10308000,63.08,65.16,18.42
10310000,59.43,67.14,19.52
10312000,62.1,63.82,17.68
10314000,61.25,61.84,16.58
10316000,56.14,65.43,18.57
10318000,72.61,67.77,19.87
10320000,58.16,60.03,15.57
10322000,66.57,59.88,15.49
10324000,62.74,60.8,16.0
10326000,57.56,63.09,17.27
10328000,57.9,61.99,16.66
10330000,56.38,64.89,18.27
10332000,62.2,60.12,15.62
10334000,69.28,66.29,19.05
10336000,69.03,65.86,18.81
10338000,61.33,67.17,19.54
10340000,61.04,60.01,15.56
10342000,71.53,67.53,19.74
10344000,57.47,60.89,16.05
10346000,68.24,60.71,15.95
10348000,70.91,60.57,15.87
10350000,59.51,66.85,19.36
10352000,59.75,66.96,19.42
10354000,63.77,60.13,15.63
10356000,69.52,65.88,18.82
10358000,55.44,61.34,16.3
10360000,69.35,65.35,18.53
10362000,63.03,60.96,16.09
10364000,73.7,59.52,15.29
10366000,70.18,61.95,16.64
10368000,59.72,64.78,18.21
10370000,64.52,65.19,18.44
10372000,62.96,59.54,15.3
10374000,59.42,65.97,18.87
10376000,59.24,62.62,17.01
10378000,57.59,64.74,18.19
10380000,57.29,63.16,17.31
10382000,72.89,64.06,17.81
10384000,63.76,60.49,15.83
10386000,56.31,65.64,18.69
10388000,67.07,60.73,15.96
10390000,70.0,67.12,19.51
10392000,55.31,63.43,17.46
10394000,55.06,60.24,15.69
10396000,73.58,59.49,15.27
10398000,66.3,59.65,15.36
10400000,57.97,64.69,18.16
10402000,72.22,60.03,15.57
10404000,67.12,64.29,17.94
10406000,62.37,60.08,15.6
10408000,66.81,65.84,18.8
10410000,67.68,60.8,16.0
10412000,55.16,63.84,17.69
10414000,66.75,67.14,19.52
10416000,67.71,61.3,16.28
10418000,61.13,66.29,19.05
10420000,62.67,61.11,16.17
10422000,71.26,59.45,15.25
10424000,74.81,65.25,18.47
10426000,68.42,67.89,19.94
10428000,55.92,59.72,15.4
10430000,67.09,65.73,18.74
10432000,61.99,63.81,17.67
10434000,68.49,67.5,19.72
10436000,68.98,61.41,16.34
10438000,71.32,67.14,19.52
10440000,55.61,62.38,16.88
10442000,72.51,66.69,19.27
10444000,62.62,65.26,18.48
10446000,74.7,66.49,19.16
10448000,65.6,61.16,16.2
10450000,64.91,67.37,19.65
10452000,56.23,65.91,18.84
10454000,65.27,67.53,19.74
10456000,59.12,59.34,15.19
10458000,58.16,61.81,16.56
10460000,73.78,65.59,18.66
10462000,73.26,59.61,15.34
10464000,56.68,64.9,18.28
10466000,60.92,67.15,19.53
10468000,61.82,64.72,18.18
10470000,68.58,66.18,18.99
10472000,71.44,61.77,16.54
10474000,72.51,61.61,16.45
10476000,74.8,61.0,16.11
10478000,66.71,63.19,17.33
10480000,70.26,67.64,19.8
10482000,62.38,60.21,15.67
10484000,61.49,64.62,18.12
10486000,56.04,63.1,17.28
10488000,56.55,67.03,19.46
10490000,65.52,61.72,16.51
10492000,57.04,61.75,16.53
10494000,64.96,63.52,17.51
10496000,73.64,59.0,15.0
10498000,69.8,62.76,17.09
10500000,60.77,63.7,17.61
10502000,74.87,66.4,19.11
10504000,65.06,67.53,19.74
10506000,67.75,67.03,19.46
10508000,55.78,66.83,19.35
10510000,60.04,65.75,18.75
10512000,68.21,60.57,15.87
10514000,74.29,63.28,17.38
10516000,73.88,65.01,18.34
10518000,60.16,64.92,18.29
10520000,61.35,61.0,16.11
10522000,74.84,62.26,16.81
10524000,55.47,64.83,18.24
10526000,66.47,62.85,17.14
10528000,66.92,63.0,17.22
10530000,73.04,64.6,18.11
10532000,63.0,67.69,19.83
10534000,63.68,66.54,19.19
10536000,55.08,59.52,15.29
10538000,64.8,62.65,17.03
10540000,66.57,65.39,18.55
10542000,59.48,64.53,18.07
10544000,68.5,67.73,19.85
10546000,72.19,65.88,18.82
10548000,67.62,62.55,16.97
10550000,70.15,62.65,17.03
10552000,56.12,67.57,19.76
10554000,69.76,65.16,18.42
10556000,58.63,63.23,17.35
10558000,56.3,60.49,15.83
10560000,64.62,64.18,17.88
10562000,61.0,60.01,15.56
10564000,62.28,63.1,17.28
10566000,63.25,64.92,18.29
10568000,64.38,63.09,17.27
10570000,73.15,63.0,17.22
10572000,74.13,63.81,17.67
10574000,66.79,63.72,17.62
10576000,71.51,61.83,16.57
10578000,68.36,59.29,15.16
10580000,70.05,63.97,17.76
10582000,68.54,64.42,18.01
10584000,72.87,62.26,16.81
10586000,64.94,61.7,16.5
10588000,60.4,64.92,18.29
10590000,61.83,61.95,16.64
10592000,71.81,67.41,19.67
10594000,73.01,60.35,15.75
10596000,74.15,59.4,15.22
10598000,55.62,62.64,17.02
10600000,59.73,62.2,16.78
10602000,59.79,62.49,16.94
10604000,65.29,61.75,16.53
10606000,55.39,64.11,17.84
10608000,69.41,62.01,16.67
10610000,74.19,61.34,16.3
10612000,60.1,61.57,16.43
10614000,61.3,64.62,18.12
10616000,58.48,67.44,19.69
10618000,60.01,60.26,15.7
10620000,55.55,62.19,16.77
10622000,57.85,67.95,19.97
10624000,72.85,64.99,18.33
10626000,58.49,59.5,15.28
10628000,65.83,63.97,17.76
10630000,72.67,64.83,18.24
10632000,59.47,61.14,16.19
10634000,60.88,60.53,15.85
10636000,61.49,67.26,19.59
10638000,65.8,62.83,17.13
10640000,70.24,64.53,18.07
10642000,71.82,65.52,18.62
10644000,57.84,66.52,19.18
10646000,71.4,60.98,16.1
10648000,65.66,64.09,17.83
10650000,73.7,65.88,18.82
10652000,73.1,61.47,16.37
10654000,71.76,59.02,15.01
10656000,66.33,62.83,17.13
10658000,60.24,61.34,16.3
10660000,65.26,59.41,15.23
10662000,60.53,59.16,15.09
10664000,67.76,65.97,18.87
10666000,55.09,64.63,18.13
10668000,56.54,65.3,18.5
10670000,74.02,61.18,16.21
10672000,63.51,59.4,15.22
10674000,59.22,63.14,17.3
10676000,55.06,64.81,18.23
10678000,59.59,62.71,17.06
10680000,74.47,62.51,16.95
10682000,73.67,62.76,17.09
10684000,59.45,64.8,18.22
10686000,68.31,62.91,17.17
10688000,62.12,60.51,15.84
10690000,71.44,64.94,18.3
10692000,71.54,66.85,19.36
10694000,60.58,62.49,16.94
10696000,56.76,60.01,15.56
10698000,70.28,62.28,16.82
10700000,67.36,67.01,19.45
10702000,65.3,67.06,19.48
10704000,68.9,60.71,15.95
10706000,59.31,62.76,17.09
10708000,66.94,65.41,18.56
10710000,56.79,65.28,18.49
10712000,65.74,65.12,18.4
10714000,61.27,65.07,18.37
10716000,61.21,63.05,17.25
10718000,57.2,65.43,18.57
10720000,57.44,60.22,15.68
10722000,67.62,59.76,15.42
10724000,66.73,66.83,19.35
10726000,66.19,62.2,16.78
10728000,64.29,61.63,16.46
10730000,66.59,60.58,15.88
10732000,61.64,67.98,19.99
10734000,60.98,64.89,18.27
10736000,68.5,65.05,18.36
10738000,62.48,67.75,19.86
10740000,73.09,67.82,19.9
10742000,64.96,66.18,18.99
10744000,65.18,63.57,17.54
10746000,73.06,65.07,18.37
10748000,62.13,60.17,15.65
10750000,56.05,62.78,17.1
10752000,69.17,64.2,17.89
10754000,60.74,59.07,15.04
10756000,63.99,63.59,17.55
10758000,65.44,60.93,16.07
10760000,74.22,62.71,17.06
10762000,56.8,63.86,17.7
10764000,73.68,65.91,18.84
10766000,69.82,62.28,16.82
10768000,69.37,60.15,15.64
10770000,57.27,59.61,15.34
10772000,61.93,61.95,16.64
10774000,67.95,61.88,16.6
10776000,68.6,59.36,15.2
10778000,67.9,62.02,16.68
10780000,73.94,66.65,19.25
10782000,70.12,64.69,18.16
10784000,68.85,61.27,16.26
10786000,59.72,64.45,18.03
10788000,59.42,67.33,19.63
10790000,58.15,60.22,15.68
10792000,73.98,60.01,15.56
10794000,61.82,62.83,17.13
10796000,56.43,60.1,15.61
10798000,58.43,65.17,18.43
